title,track,album,artists,composer,chords,key,publish,ignore,id,channel,upload_date
Maggi Tune | Easy Ukulele Tutorial with TABs,Maggi Tune,,,,,,0,0,2ITQ6oXBr0E,UCXNmFZc8m5w0tQbpMs6rGyA,20210223
Dil Hai Chhota Sa | Only 4 Chords | Easy Ukulele Tutorial,Dil Hai Chhota Sa,Roja,Minmini,A. R. Rahman,,,0,0,1E-KTuipYo8,UCXNmFZc8m5w0tQbpMs6rGyA,20210214
Gulzar Medley | Easy Ukulele Tutorial,Gulzar Medley,,,,,,0,0,CvCtZB5AxdA,UCXNmFZc8m5w0tQbpMs6rGyA,20210205
Top Ukulele Brands | 2021 | India | BollyUke,,,,,,,0,1,fyUcDXLBIq8,UCXNmFZc8m5w0tQbpMs6rGyA,20210130
Jana Gana Mana | Easy Ukulele Tutorial | With TABs,Jana Gana Mana,,,,,,0,0,CsFnc284U_0,UCXNmFZc8m5w0tQbpMs6rGyA,20210125
Jaan Nisaar | Arijit Singh | Only 4 Chords | Intermediate Ukulele Tutorial,Jaan Nisaar,Kedarnath,Arijit Singh,Amit Trivedi,,,0,0,MDzES5azxhA,UCXNmFZc8m5w0tQbpMs6rGyA,20210121
Kisi Ki Muskurahaton Pe Ho Nisar | Intermediate Ukulele Tutorial,Kisi Ki Muskurahaton Pe Ho Nisar,Anari,Mukesh,Shankar Jaikishan,,,0,0,a4iq1X62CC8,UCXNmFZc8m5w0tQbpMs6rGyA,20210119
O Beta Ji | Only 4 Chords | Intermediate Ukulele Tutorial,O Beta Ji,Albela,Chitalkar,C.Ramchandra,,,0,0,k_j9cxYX8CI,UCXNmFZc8m5w0tQbpMs6rGyA,20210113
Monta Re | Only 2 Chords | Easy Ukulele Tutorial,Monta Re,,"SWANAND KIRKIRE, AMITABH BHATTACHARYA",AMIT TRIVEDI,,,0,0,mP9TDNdP_Cs,UCXNmFZc8m5w0tQbpMs6rGyA,20210111
This Old Man | 1min Ukulele Lesson For Beginners,,,,,,,0,1,naUqYGb2kqs,UCXNmFZc8m5w0tQbpMs6rGyA,20210110
O Susanna | 1min Ukulele Lesson For Beginners,,,,,,,0,1,MOssnpiTlOE,UCXNmFZc8m5w0tQbpMs6rGyA,20210108
Ode To Joy | 1min Ukulele Lesson For Beginners,,,,,,,0,1,OtLtBjw3HlE,UCXNmFZc8m5w0tQbpMs6rGyA,20210107
"Strumming Chords G, C, Em & D7 | 1min Ukulele Lesson For Beginners",,,,,,,0,1,awbfCmNNt3I,UCXNmFZc8m5w0tQbpMs6rGyA,20210104
"Strumming Chords | A, F#m, D & E7 | 1min Ukulele Lesson For Beginners",,,,,,,0,1,4qJDs1yXSNU,UCXNmFZc8m5w0tQbpMs6rGyA,20210104
"Strumming Chords | F, Bb, C7 & Dm | 1 min Ukulele Lesson For Beginners",,,,,,,0,1,SaluFp-LCrs,UCXNmFZc8m5w0tQbpMs6rGyA,20210103
"Strumming Chords | D, G, Bm & A | 1 min Ukulele Lesson For Beginners",,,,,,,0,1,0qesqeO-bAk,UCXNmFZc8m5w0tQbpMs6rGyA,20210103
"Strumming Chords | C, F, G, Am | 1 min Ukulele Lesson For Beginners",,,,,,,0,1,iLYvF0PINn4,UCXNmFZc8m5w0tQbpMs6rGyA,20210103
Reading TABs | 1min Ukulele Lesson For Beginners,,,,,,,0,1,FXmECykiVpM,UCXNmFZc8m5w0tQbpMs6rGyA,20210102
Warm Up | 1 min Ukulele Lesson For Beginners,,,,,,,0,1,sONLH2ranak,UCXNmFZc8m5w0tQbpMs6rGyA,20210101
Lucky Ali Medley | Only 4-5 Chords | Easy Ukulele Tutorial,Lucky Ali Medley,,,,,,0,0,HKzzClDG7a4,UCXNmFZc8m5w0tQbpMs6rGyA,20201223
Learn To Play Amazing Grace On The Ukulele | With TABS,,,,,,,0,1,lY_SyEb2an4,UCXNmFZc8m5w0tQbpMs6rGyA,20201216
Learn To Play Happy Birthday On The Ukulele | With TABS,,,,,,,0,1,rquZiMmq4AA,UCXNmFZc8m5w0tQbpMs6rGyA,20201211
Aashiqui Theme | Easy Ukulele Tutorial | With TABS,Aashiqui Theme,,,,,,0,0,hZqw1-QaF1o,UCXNmFZc8m5w0tQbpMs6rGyA,20201206
DDLJ Theme | Easy Ukulele Tutorial | With TABS,DDLJ Theme,,,,,,0,0,dME0ejFRtgI,UCXNmFZc8m5w0tQbpMs6rGyA,20201129
Intermediate Strumming On Ukulele | BollyUke | Youtube Short,,,,,,,0,1,N9JqnrluwH0,UCXNmFZc8m5w0tQbpMs6rGyA,20201114
ðŸ”¥ Bumper Diwali Ukulele Giveaway | BollyUke,,,,,,,0,1,aKcgn8xWViY,UCXNmFZc8m5w0tQbpMs6rGyA,20201102
Budget Ukulele UnboxingðŸ”¥â‚¹1999 Juarez Concert | BollyUke,,,,,,,0,1,WATWROjGMjk,UCXNmFZc8m5w0tQbpMs6rGyA,20201031
Pehla Nasha | Simple Chords & Strumming | Easy Ukulele Tutorial,Pehla Nasha,Jo Jeeta Wohi Sikandar,Sadhana Sargam & Udit Narayan,"Jatin - Lalit, Movie",,,0,0,CDZTduLDRWw,UCXNmFZc8m5w0tQbpMs6rGyA,20201018
Pehla Pehla Pyar Hai | S.P. Balasubramanium | Easy Ukulele Tutorial,Pehla Pehla Pyar Hai,Hum Aapke Hain Kaun,S. P. Balasubramaniam,"Raam Laxman, Movie",,,0,0,MNVLSL1zjkk,UCXNmFZc8m5w0tQbpMs6rGyA,20200925
Zindagi Ki Yehi Reet Hai | Only 4 Chords | Easy Ukulele Tutorial,Zindagi Ki Yehi Reet Hai,Mr,Kishore Kumar & Kavita K.,"Laxmikant Pyarelal, Lyrics",,,0,0,Lnk1JCk6jG0,UCXNmFZc8m5w0tQbpMs6rGyA,20200914
BollyUke Q&A | Ask Me Anything | 6th Sepâ€™2020,,,,,,,0,1,NdCDTpuN5u0,UCXNmFZc8m5w0tQbpMs6rGyA,20200906
Epic Barre Chord ProgressionðŸ”¥| Practise With This Video | BollyUke,,,,,,,0,1,_eKTnmlPvPo,UCXNmFZc8m5w0tQbpMs6rGyA,20200902
Tumse Hi | Sadak 2 | Only 4 Chords | Easy Ukulele Tutorial,Tumse Hi,Sadak 2,,Ankit Tiwari,,,0,0,6OffkOaHU0I,UCXNmFZc8m5w0tQbpMs6rGyA,20200829
Chuck The Uke | Practise With This Video | Easy Ukulele Tutorial,,,,,,,0,1,WIP_2fvjBO8,UCXNmFZc8m5w0tQbpMs6rGyA,20200821
Main Tumhara | Dil Bechara | Easy Ukulele Tutorial,Main Tumhara,Dil Bechara,"Jonita Gandhi, Hriday Gattani",A R Rahman,,,0,0,x3F3ub93y1A,UCXNmFZc8m5w0tQbpMs6rGyA,20200809
Phulon Ka Taaron Ka | Only 4 Chords | Fingerpicking | Easy Ukulele Tutorial,Phulon Ka Taaron Ka,Hare Rama Hare Krishna,"Lata Mangeshkar, Kishore Kumar",R.D. Burman,,,0,0,e4xdXU09wi4,UCXNmFZc8m5w0tQbpMs6rGyA,20200730
Sufi Medley | Only 3 Chords | Easy Ukulele Tutorial,Sufi Medley,Bhaag Milkha Bhaag,"Javed Bashir, Shreya Ghoshal",Pritam,,,0,0,CNjvRAw9TJ4,UCXNmFZc8m5w0tQbpMs6rGyA,20200715
How To Practise With A Metronome | Easy Ukulele Tutorial,How To Practise With A Metronome,,,,,,0,0,CUN2jaJ11mk,UCXNmFZc8m5w0tQbpMs6rGyA,20200711
Open Chords Practise | Easy Ukulele Tutorial | BollyUke,Open Chords Practise,,,,,,0,0,S_144TrbxFs,UCXNmFZc8m5w0tQbpMs6rGyA,20200703
Chaar Kadam | Simple Chords | Easy Ukulele Tutorial,Chaar Kadam,PK,Shreya & Shaan,Shantanu Moitra,,,0,0,4q591-mTxFs,UCXNmFZc8m5w0tQbpMs6rGyA,20200624
Happy Father's Day | BollyUke Live | 21.06.2020 | 8pm - 8:40pm IST,,,,,,,0,1,1u21ZB09ri0,UCXNmFZc8m5w0tQbpMs6rGyA,20200621
Ek Tukda Dhoop | Only 4 Chords | Easy Ukulele Tutorial,Ek Tukda Dhoop,Thappad,Raghav Chaitanya,Anurag Saikia,,,0,0,yDWFfkVdCQM,UCXNmFZc8m5w0tQbpMs6rGyA,20200612
BollyUke Online 1:1 Classes | Student Spotlight | Debroop Dasgupta,,,,,,,0,1,OJdmWkf9Oi4,UCXNmFZc8m5w0tQbpMs6rGyA,20200602
Top Ukulele Brands | 2020 | India | BollyUke,,,,,,,0,1,gaUytZCYozQ,UCXNmFZc8m5w0tQbpMs6rGyA,20200525
Ruk Jaana Nahin | Kishore Kumar | Easy Ukulele Tutorial,Ruk Jaana Nahin,Imtihaan,Kishore Kumar,"Laxmikant Pyarelal, Movie",,,0,0,rTfFW4Yenxc,UCXNmFZc8m5w0tQbpMs6rGyA,20200523
BollyUke Online 1-1 Ukulele Lessons,,,,,,,0,1,_AhCwAz6PZs,UCXNmFZc8m5w0tQbpMs6rGyA,20200521
Fender Play | Ukulele App Review (HINDI),,,,,,,0,1,oqUyqC0r_xs,UCXNmFZc8m5w0tQbpMs6rGyA,20200505
Yeh Dooriyan | Only 4 Chords | Easy Ukulele Tutorial,Yeh Dooriyan,Love Aaj Kal,Mohit Chauhan,Pritam,,,0,0,N99_6nCTY0Y,UCXNmFZc8m5w0tQbpMs6rGyA,20200422
Become A Superstar | BollyUke Youtube Channel Membership,,,,,,,0,1,pYrELIuQDl0,UCXNmFZc8m5w0tQbpMs6rGyA,20200418
High G & Low G Ukulele Strings | Popular Brands | How To Change Strings? BollyUke,,,,,,,0,1,2EOKP1Dex6k,UCXNmFZc8m5w0tQbpMs6rGyA,20200412
Fingerpicking For Beginners | Easy Ukulele Tutorial,,,,,,,0,0,oLsT3hOHsug,UCXNmFZc8m5w0tQbpMs6rGyA,20200411
Raabta | Fingerpicking | Easy Ukulele Tutorial,Raabta,Agent Vinod,"Shreya Ghoshal, Arijit Singh, Joi Barua",Pritam,,,0,0,ezETrMBIz3E,UCXNmFZc8m5w0tQbpMs6rGyA,20200410
Ik Kudi | Udta Punjab | Easy Ukulele Tutorial,Ik Kudi,Udta Punjab,Shahid Mallya,Amit Trivedi,,,0,0,M0kHo94AVzU,UCXNmFZc8m5w0tQbpMs6rGyA,20200406
Introduction To Barre Chords | BollyUke Live,,,,,,,0,1,__0uOb_A6-s,UCXNmFZc8m5w0tQbpMs6rGyA,20200321
Popular Strumming Patterns (Part 2) | BollyUke Live,,,,,,,0,1,HII03AjHpVU,UCXNmFZc8m5w0tQbpMs6rGyA,20200320
Popular Strumming Patterns (Part 1) | BollyUke Live,,,,,,,0,1,dIAiQFsp6po,UCXNmFZc8m5w0tQbpMs6rGyA,20200319
Chord Strumming Exercise 2 | BollyUke Live,,,,,,,0,1,2WgUf76NSpc,UCXNmFZc8m5w0tQbpMs6rGyA,20200318
Chord Strumming Exercise 1 | BollyUke Live,,,,,,,0,1,OEkdgYWaIGg,UCXNmFZc8m5w0tQbpMs6rGyA,20200317
Finger Warmup Exercise | BollyUke Live (HINDI),,,,,,,0,1,UuLqzCbseCY,UCXNmFZc8m5w0tQbpMs6rGyA,20200316
Tujhe Kitna Chahne Lage Hum | Easy Ukulele Tutorial,Tujhe Kitna Chahne Lage Hum,Kabir Singh,Arijit Singh,,,,0,0,wmBU6_OXL3Y,UCXNmFZc8m5w0tQbpMs6rGyA,20200221
Shayad | Arijit Singh | Easy Ukulele Tutorial,Shayad,Love Aaj Kal,Arijit Singh,"Pritam, Lyrics",,,0,0,x6GUBTF3ELU,UCXNmFZc8m5w0tQbpMs6rGyA,20200214
Rang Sharbaton Ka | Only 4 Chords | Easy Ukulele Tutorial,Rang Sharbaton Ka,,Atif Aslam & Chinmayi Sripaada,Pritam,,,0,0,WvuncODTKTY,UCXNmFZc8m5w0tQbpMs6rGyA,20200207
Chal Ghar Chalein | Arijit Singh | Easy Ukulele Tutorial,Chal Ghar Chalein,Malang,"Arijit Singh, Composer",Mithoon,,,0,0,si4NdFr1B3Q,UCXNmFZc8m5w0tQbpMs6rGyA,20200131
Khulne Do | Arijit Singh | Fingerpicking Ukulele Tutorial,Khulne Do,Chhapaak,Arijit Singh,"Shankar, Ehsaan & Loy, Lyrics",,,0,0,EFcQszixznU,UCXNmFZc8m5w0tQbpMs6rGyA,20200124
Ravi | Sajjad Ali | Only 4 Chords | Easy Ukulele Tutorial,Ravi,Sajjad Ali,,,,,0,0,OwePg7IXutc,UCXNmFZc8m5w0tQbpMs6rGyA,20200110
Gulabi Aankhein | Only 4 Chords | Easy Ukulele Tutorial,Gulabi Aankhein,The Train,Mohammad Rafi,R.D. Burman,,,0,0,FHl1kIFiY1g,UCXNmFZc8m5w0tQbpMs6rGyA,20191122
Yeh Jawani Hai Deewani | Easy Ukulele Tutorial,Yeh Jawani Hai Deewani,,,,,,0,0,UKODJcv4OUA,UCXNmFZc8m5w0tQbpMs6rGyA,20191117
Pyaar Toh Tha | Only 4 Chords | Easy Ukulele Tutorial,Pyaar Toh Tha,Bala,"Jubin Nautiyal, Asees Kaur",Sachin-Jigar,,,0,0,EHSyADv2lJo,UCXNmFZc8m5w0tQbpMs6rGyA,20191108
Khamoshiyan | Arijit Singh | Easy Ukulele Tutorial,Khamoshiyan,Khamoshiyan,Arijit Singh,Jeet Gannguli,,,0,0,sb1TSZcTtAE,UCXNmFZc8m5w0tQbpMs6rGyA,20191103
Ukulele Service & Maintenance | BollyUke (HINDI),,,,,,,0,1,njz-8bnRJLQ,UCXNmFZc8m5w0tQbpMs6rGyA,20191025
How To Find The Chords Of Any Song? BollyUke Cheatsheet,,,,,,,0,1,hsVJGvimWfQ,UCXNmFZc8m5w0tQbpMs6rGyA,20191022
Soch Na Sake | Arijit Singh | Easy Ukulele Tutorial,Soch Na Sake,Arijit Singh,Arijit Singh & Tulsi Kumar,Amaal Mallik,,,0,0,YYHqr_gqkVs,UCXNmFZc8m5w0tQbpMs6rGyA,20191012
O Saathi Re | Omkara | Easy Ukulele Tutorial,O Saathi Re,Omkara,Vishal Bhardwaj & Shreya Ghoshal,Vishal Bhardwaj,,,0,0,hlp7j0LaFjA,UCXNmFZc8m5w0tQbpMs6rGyA,20191004
Udi Udi Jaaye | Only 3 Chords | Easy Ukulele Tutorial(HINDI),Udi Udi Jaaye,Raees,Sukhwinder Singh & Bhoomi Trivedi.,"Ram Sampath, Lyrics",,,0,0,dy9uENm9em0,UCXNmFZc8m5w0tQbpMs6rGyA,20190928
Musu Musu | Only 2 Chords | Easy Ukulele Tutorial,Musu Musu,Pyaar Mein Kabhi Kabhi,Shaan,Vishal Shiraz Samrat,,,0,0,iAc-L9-YwkY,UCXNmFZc8m5w0tQbpMs6rGyA,20190921
Woh Din | Arijit Singh | Easy Ukulele Tutorial,Woh Din,Chhichhore,Arijit Singh,"Pritam, Lyrics",,,0,0,p8D-I9Gaql4,UCXNmFZc8m5w0tQbpMs6rGyA,20190914
Vault UK200 Vs  Kala Makala MK-T | Detailed Comparison | BollyUke,,,,,,,0,1,3CM8bbyPpNc,UCXNmFZc8m5w0tQbpMs6rGyA,20190907
Tu Hi Hai | Only 3 Chords | Easy Ukulele Tutorial,Tu Hi Hai,Dear Zindagi,Arijit Singh,Amit Trivedi,,,0,0,P_e_2qlGUDA,UCXNmFZc8m5w0tQbpMs6rGyA,20190830
Got A Surprise Package From Bajaao | BollyUke | Unboxing,,,,,,,0,1,dScdKSZQbi4,UCXNmFZc8m5w0tQbpMs6rGyA,20190823
Ae Watan Abaad Rahe Tu | Arijit Singh | Easy Ukulele Tutorial,Ae Watan Abaad Rahe Tu,Raazi,Arijit Singh,"Shankar, Ehsaan & Loy, Lyrics - Gulzar",,,0,0,cnHc9iHs4Y8,UCXNmFZc8m5w0tQbpMs6rGyA,20190815
Rimjhim Gire Sawan | Only 4 Chords | Easy Ukulele Tutorial,Rimjhim Gire Sawan,Manzil,Kishore Kumar,R.D. Burman,,,0,0,MeUeoqklrsA,UCXNmFZc8m5w0tQbpMs6rGyA,20190809
Kis Raste Hai Jaana | Easy Ukulele Tutorial,Kis Raste Hai Jaana,Judgemental Hai Kya,"Surabhi Dashputra, Arjunna Harjaie",Arjunna Harjaie,,,0,0,47Jp3j64VSI,UCXNmFZc8m5w0tQbpMs6rGyA,20190801
Learning The Ukulele Using A Mobile App | Easy Ukulele Tutorial(HINDI),Learning The Ukulele Using A Mobile App,,,,,,0,0,TYGNrWpHOb0,UCXNmFZc8m5w0tQbpMs6rGyA,20190725
Yeh Shaam Mastani | Easy Ukulele Tutorial,Yeh Shaam Mastani,Kati Patang,Kishore Kumar,"Rahul Dev Burman, Movie",,,0,0,tWOJmzHaflk,UCXNmFZc8m5w0tQbpMs6rGyA,20190721
Duniya | Only 3 Chords | Easy Ukulele Tutorial | Youtube Live,Duniya,Luka Chuppi,Akhil & Dhvani Bhanushali,,,,0,0,zcFI63ggPpo,UCXNmFZc8m5w0tQbpMs6rGyA,20190711
Do Dil Mil Rahe Hain | Only 3 Chords | Easy Ukulele Tutorial,Do Dil Mil Rahe Hain,Pardes,Kumar Sanu,"Nadeem Shravan, Movie",,,0,0,Nme5E77hCwI,UCXNmFZc8m5w0tQbpMs6rGyA,20190705
Ek Ajnabee Haseena Se | Only 4 Chords | Easy Ukulele Tutorial,Ek Ajnabee Haseena Se,Ajanabee,"Kishore Kumar, Music Director",Rahul Dev Burman,,,0,0,bLLie-TE4SA,UCXNmFZc8m5w0tQbpMs6rGyA,20190626
Importance Of Posture While Playing An Instrument | BollyUke (HINDI),,,,,,,0,1,VFbnftSTfN0,UCXNmFZc8m5w0tQbpMs6rGyA,20190621
O Sanam | Only 4 Chords | Advance Ukulele Tutorial,O Sanam,Sunoh,Lucky Ali,,,,0,0,VvcNO4Nvvbg,UCXNmFZc8m5w0tQbpMs6rGyA,20190614
Bekhayali | Arijit Singh | Easy Ukulele Tutorial,Bekhayali,Kabir Singh,Arijit Singh,Sachet- Parampara,,,0,0,HmcxECZLBKQ,UCXNmFZc8m5w0tQbpMs6rGyA,20190610
Kal Ho Na Ho | Easy Ukulele Tutorial,Kal Ho Na Ho,Kal Ho Na Ho,Sonu Nigam,"Shankar, Ehsaan & Loy",,,0,0,-VZttGd-fKw,UCXNmFZc8m5w0tQbpMs6rGyA,20190601
Yaaron | KK | Easy Ukulele Tutorial (HINDI),Yaaron,Pal,KK,"Leslie Lewis, Lyrics",,,0,0,AewsnqO8BYo,UCXNmFZc8m5w0tQbpMs6rGyA,20190525
Fakira | Only 4 Chords | SOTY 2 | Easy Ukulele Tutorial,Fakira,Student Of The Year 2,Neeti Mohan & Sanam Puri,Vishal Shekhar,,,0,0,xL0SGkh7zMs,UCXNmFZc8m5w0tQbpMs6rGyA,20190519
Maa | Shankar Mahadevan | Easy Ukulele Tutorial,Maa,Taare Zameen Par,,"Shankar, Ehsaan & Loy",,,0,0,-zgV1b7I_uo,UCXNmFZc8m5w0tQbpMs6rGyA,20190514
Nindiya | Arijit Singh | Ukulele Tutorial,Nindiya,Sarbjit,Arijit Singh,"Shashi-Shivamm, Lyrics",,,0,0,wWysyoBpniA,UCXNmFZc8m5w0tQbpMs6rGyA,20190413
Bol Do Na Zara | Only 4 Chords | Armaan Malik | Easy Ukulele Tutorial,Bol Do Na Zara,Azhar,"Armaan Malik, Lyrics",Amaal Malik,,,0,0,__hI5SoqXT0,UCXNmFZc8m5w0tQbpMs6rGyA,20190409
Kalank Title Track | Arijit Singh | Easy Ukulele Tutorial,Kalank Title Track,Arijit Singh,Arijit Singh,Pritam,,,0,0,N4gxKJZYqU0,UCXNmFZc8m5w0tQbpMs6rGyA,20190405
Kya Hua Tera Vaada | Only 4 Chords | Easy Ukulele Tutorial | Fingerpicking,Kya Hua Tera Vaada,Hum Kisise Kum Nahin,Mohammad Rafi,Rahul Dev Burman,,,0,0,csoewJHBf6o,UCXNmFZc8m5w0tQbpMs6rGyA,20190328
Aap Ki Aankhon Mein | Lata & Kishore | Easy Ukulele Tutorial,Aap Ki Aankhon Mein,Ghar,Lata Mangeshkar & Kishore Kumar,R.D Burman,,,0,0,9cuaU-djqxI,UCXNmFZc8m5w0tQbpMs6rGyA,20190323
Aaj Jaane Ki Zid Na Karo | Easy Ukulele Tutorial,Aaj Jaane Ki Zid Na Karo,,Farida Khanum,"Sohali Rana, Lyrics- Fayyaz Hashmi",,,0,0,SDZ7zt6cs6I,UCXNmFZc8m5w0tQbpMs6rGyA,20190315
Pyar Ke Pal | KK | Easy Ukulele Tutorial,Pyar Ke Pal,Pal,,Leslie Lewis,,,0,0,IRWpvSwZO4A,UCXNmFZc8m5w0tQbpMs6rGyA,20190308
Hawayein | Only 4 Chords | Arijit Singh | Easy Ukulele Tutorial,Hawayein,Arijit Singh,ARIJIT SINGH,PRITAM,,,0,0,MmIpdwk3WM4,UCXNmFZc8m5w0tQbpMs6rGyA,20190214
Jagjit Singh Medley | Only 4 Chords | Easy Ukulele Tutorial,Jagjit Singh Medley,,,,,,0,0,ClBWN6gw-D4,UCXNmFZc8m5w0tQbpMs6rGyA,20190208
Abhi Mujh Mein Kahin | Sonu Nigam | Easy Ukulele Tutorial,Abhi Mujh Mein Kahin,Sonu Nigam,Sonu Nigam,Ajay Atul,,,0,0,K75TS9wT1io,UCXNmFZc8m5w0tQbpMs6rGyA,20190201
Tum Se Milke | Easy Ukulele Tutorial (HINDI),Tum Se Milke,,"Asha Bhosle, Suresh Wadkar",R.D. Burman,,,0,0,wnYXk2MwMOI,UCXNmFZc8m5w0tQbpMs6rGyA,20190125
Dil Mein Ho Tum | Only 4 Chords | Easy Ukulele Tutorial,Dil Mein Ho Tum,Satyamev Jayate,S.Janaki,"Bappi Lahiri, Lyrics",,,0,0,D9upCqi0V8k,UCXNmFZc8m5w0tQbpMs6rGyA,20190117
Ek Ladki Ko Dekha | Only 3 Chords | Easy Ukulele Tutorial,Ek Ladki Ko Dekha,1942 A Love Story,Kumar Sanu,R.D. Burman,,,0,0,BcYPhMd7hCU,UCXNmFZc8m5w0tQbpMs6rGyA,20190111
Yeh Kya Hua | Ey Ki Holo | R.D. Burman | Easy Ukulele Tutorial,Yeh Kya Hua,Rajkumari,Kishore Kumar,Rahul Dev Burman,,,0,0,VySCAxHP-kU,UCXNmFZc8m5w0tQbpMs6rGyA,20190104
BollyUke | Chord Progression & Strumming | Lesson 1(HINDI),,,,,,,0,1,ZFTQOaMx22g,UCXNmFZc8m5w0tQbpMs6rGyA,20181221
Mere Naam Tu | Zero | Shahrukh Khan | Easy Ukulele Tutorial(HINDI),Mere Naam Tu,Zero,Abhay Jodhpurkar,Ajay-Atul,,,0,0,AgDWShHmsv4,UCXNmFZc8m5w0tQbpMs6rGyA,20181216
BollyUke | Ukebox Ep.3 | 1st Anniversary Giveaway (HINDI),,,,,,,0,1,5HlS3H3E4WY,UCXNmFZc8m5w0tQbpMs6rGyA,20181212
Dil Hai Ke Maanta Nahin | Kumar Sanu & Anuradha Paudwal | Easy Ukulele Tutorial,Dil Hai Ke Maanta Nahin,Dil Hai Ke Manta Nahin,"Anuradha Paudwal, Kumar Sanu",Nadeem-Shravan,,,0,0,2FcZ8LEjutc,UCXNmFZc8m5w0tQbpMs6rGyA,20181127
Qafirana | Arijit Singh | Easy Ukulele Tutorial,Qafirana,Kedarnath,Arijit Singh & Nikhita Gandhi,Amit Trivedi,,,0,0,RyXZNd2BoSU,UCXNmFZc8m5w0tQbpMs6rGyA,20181123
Chhod Diya | Only 4 Chords | Arijit Singh | Easy Ukulele Tutorial,Chhod Diya,Bazaar,Arijit Singh,Kanika Kapoor,,,0,0,7__SuMEqLsM,UCXNmFZc8m5w0tQbpMs6rGyA,20181115
Pukarta Chala Hun Main | Only 3 Chords | Mohd.Rafi | Easy Ukulele Tutorial,Pukarta Chala Hun Main,Mere Sanam,"Mohd.Rafi, Lyrics",O.P.Nayyar,,,0,0,QUV6dRfZPNU,UCXNmFZc8m5w0tQbpMs6rGyA,20181112
Tere Dar Par Sanam | Only 4 Chords | Easy Ukulele Tutorial (HINDI),Tere Dar Par Sanam,,Kumar Sanu,Anu Malik,,,0,0,yj8Tu8BNnIg,UCXNmFZc8m5w0tQbpMs6rGyA,20181107
Dheere Dheere Se | Only 2 Chords | Aashiqui | Easy Ukulele Tutorial,Dheere Dheere Se,Aashiqui,"Anuradha Paudwal, Kumar Sanu",,,,0,0,f63TuKSya4c,UCXNmFZc8m5w0tQbpMs6rGyA,20181102
Kahin Duur Jab | Anand | Easy Ukulele Tutorial,Kahin Duur Jab,Anand,Mukesh,"Salil Chowdhury, Movie",,,0,0,pQPT9lLXJSs,UCXNmFZc8m5w0tQbpMs6rGyA,20181031
Chura Liya | Only 3 Chords | Easy Ukulele Tutorial,Chura Liya,Yaadon Ki Baaraat,"Mohammad Rafi, Asha Bhosle",R.D Burman,,,0,0,Jy42J9P1obQ,UCXNmFZc8m5w0tQbpMs6rGyA,20181028
Chhuker Mere Mann Ko | Kishore Kumar | Easy Ukulele Tutorial,Chhuker Mere Mann Ko,Yaarana,"Kishore Kumar, Music",Rajesh Roshan,,,0,0,XrWsRQzX-Qw,UCXNmFZc8m5w0tQbpMs6rGyA,20181026
Naina Banjaare | Pataakha | Arijit Singh | Easy Ukulele Tutorial,Naina Banjaare,Pataakha,Arijit Singh,Vishal Bhardwaj,,,0,0,2p_yDN4AFAc,UCXNmFZc8m5w0tQbpMs6rGyA,20180928
Pal | Arijit & Shreya |Only 2 Chords | Easy Ukulele Tutorial (HINDI),Pal,Jalebi,Arijit Singh & Shreya Ghoshal,Javed - Mohsin,,,0,0,TBcrxxs8DsQ,UCXNmFZc8m5w0tQbpMs6rGyA,20180925
Tere Mere Milan | Lata & Kishore | Easy Ukulele Tutorial,Tere Mere Milan,Abhimaan,"Lata Mangeshkar, Kishore Kumar, S.D. Burman & Majrooh Sultanpuri",,,,0,0,kbiret5oyM8,UCXNmFZc8m5w0tQbpMs6rGyA,20180910
How To Read Ukulele Tabs ? Easy Ukulele Tutorial(HINDI),How To Read Ukulele,?,,,,,0,0,EkxLcBHeZJQ,UCXNmFZc8m5w0tQbpMs6rGyA,20180905
Dekhte Dekhte | Atif Aslam | Easy Ukulele Tutorial,Dekhte Dekhte,Batti Gul Meter Chalu,Atif Aslam,Rochak Kohli,,,0,0,4Oybaal1ue8,UCXNmFZc8m5w0tQbpMs6rGyA,20180829
Bade Achche Lagte Hain | Easy Ukulele Tutorial,Bade Achche Lagte Hain,Balika Badhu,Amit Kumar,"Rahul Dev Burman, Movie",,,0,0,k7Y9_FiUcgQ,UCXNmFZc8m5w0tQbpMs6rGyA,20180813
Naino Ne Baandhi | Gold | Akshay Kumar | Easy Ukulele Tutorial,Naino Ne Baandhi,Gold,Akshay Kumar,,,,0,0,78VFYRbTgaU,UCXNmFZc8m5w0tQbpMs6rGyA,20180712
Dhadak | Title Track | Easy Ukulele Tutorial,Dhadak,Title Track,Ajay Gogavale & Shreya Ghoshal,Ajay-Atul,,,0,0,mp4RtuGQonc,UCXNmFZc8m5w0tQbpMs6rGyA,20180701
Sawan Barse | Ft. Mohua Chakraborty | Easy Ukulele Tutorial,Sawan Barse,Dahek,"Hariharan, Sadhana Sargam",Aadesh Shrivastava,,,0,0,hryusQswlVI,UCXNmFZc8m5w0tQbpMs6rGyA,20180625
Tareefan Reprise | Veere Di Wedding | Easy Ukulele Tutorial,Tareefan Reprise,Veere Di Wedding,QARAN Ft. Lisa Mishra,QARAN,,,0,0,vH-Wo5D2MJk,UCXNmFZc8m5w0tQbpMs6rGyA,20180621
What is a Ukulele Strap ? Readymade & DIY Comparison(HINDI),,,,,,,0,1,v1RpazydBQA,UCXNmFZc8m5w0tQbpMs6rGyA,20180507
Waqt Ne Kiya | 102 Not Out | Amitabh Bachchan | Easy Ukulele Tutorial,Waqt Ne Kiya,102 Not Out,Amitabh Bachchan,S.D.Burman,,,0,0,RJJbYXsgtlQ,UCXNmFZc8m5w0tQbpMs6rGyA,20180505
Tera Yaar Hoon Main | Arijit Singh | Ukulele Tutorial(HINDI),Tera Yaar Hoon Main,Arijit Singh,Arijit Singh,Rochak Kohli,,,0,0,PnTw3Iy8Rw8,UCXNmFZc8m5w0tQbpMs6rGyA,20180426
Ghar Se Nikal Te Hi | Armaan Malik | Easy Ukulele Tutorial,Ghar Se Nikal Te Hi,Armaan Malik,Armaan Malik,Amaal Mallik,,,0,0,sDJBWqG00aY,UCXNmFZc8m5w0tQbpMs6rGyA,20180420
What is a Metronome? How to practice with it ? Easy Ukulele Tutorial,What is a Metronome? How to practice with it ?,,,,,,0,0,tpzqtj4cPKc,UCXNmFZc8m5w0tQbpMs6rGyA,20180419
O Saathi | Atif Aslam | Baaghi 2 | Easy Ukulele Tutorial,O Saathi,Baaghi 2,Atif Aslam,Arko,,,0,0,ZuNSQbkqq38,UCXNmFZc8m5w0tQbpMs6rGyA,20180418
Ukebox Ep.3 | Ukulele Basics For Beginners (HINDI) | BollyUke,,,,,,,0,1,0nGh3MvTiJs,UCXNmFZc8m5w0tQbpMs6rGyA,20180408
Ek Pyaar Ka Naghma Hai | Lata-Mukesh | Easy Ukulele Tutorial,Ek Pyaar Ka Naghma Hai,Shor,,- Laxmikant Pyarelal,,,0,0,ogLIyXBpcsA,UCXNmFZc8m5w0tQbpMs6rGyA,20180331
How To Chuck The Ukulele ? Easy Ukulele Tutorial(HINDI),How To Chuck The Ukulele ?,,,,,,0,0,wBQ6ESGsYEU,UCXNmFZc8m5w0tQbpMs6rGyA,20180322
Pal Pal Dil Ke Paas | Kishore Kumar | Easy Ukulele Tutorial,Pal Pal Dil Ke Paas,Blackmail,Kishore Kumar,Kalayanji Anandji,,,0,0,dx3ShFbDfvc,UCXNmFZc8m5w0tQbpMs6rGyA,20180318
Meri Khamoshi Hai | Pari | Easy Ukulele Tutorial with Lyrics,Meri Khamoshi Hai,Pari,Ishan Mitra,Anupam Roy,,,0,0,9bgaYg1z06U,UCXNmFZc8m5w0tQbpMs6rGyA,20180308
Surmayee Ankhiyon Mein | R.I.P. Sridevi | Easy Ukulele Tutorial,Surmayee Ankhiyon Mein,Sadmaa,Yesudas,Ilayaraaja,,,0,0,8gQMdsqy6sY,UCXNmFZc8m5w0tQbpMs6rGyA,20180226
Sanu Ek Pal Chain | Raid | Easy Ukulele Tutorial with Lyrics,Sanu Ek Pal Chain,Raid,Rahat Fateh Ali Khan,,,,0,0,pn3dJjDfbuo,UCXNmFZc8m5w0tQbpMs6rGyA,20180216
Ghar | Jab Harry Met Sejal | Easy Ukulele Tutorial with Lyrics,Ghar,JAB HARRY MET SEJAL,"NIKHITA GANDHI, MOHIT CHAUHAN",PRITAM,,,0,0,7lofYRSj2KQ,UCXNmFZc8m5w0tQbpMs6rGyA,20180212
"Jab Koi Baat | Atif Aslam, Shirley Setia | Easy Ukulele Tutorial",Jab Koi Baat,Jurm,Sadhana Sargam & Kumar Sanu,Rajesh Roshan,,,0,0,YDMqwt6kwF4,UCXNmFZc8m5w0tQbpMs6rGyA,20180207
Vande Mataram | Easy Ukulele Tutorial,Vande Mataram,,,Rabindranath Tagore,,,0,0,hswHt8OrUZU,UCXNmFZc8m5w0tQbpMs6rGyA,20180123
Nazm Nazm | Bareilly Ki Barfi | Easy Ukulele Tutorial,Nazm Nazm,Bareilly Ki Barfi,Arko,Arko,,,0,0,BOrGEN4lJFk,UCXNmFZc8m5w0tQbpMs6rGyA,20180118
BollyUke | UkeBox | Episode 2 | Bollywood Ukulele Tutorials,,UkeBox,Episode 2,,,,0,0,ZQ2pHU9AtFU,UCXNmFZc8m5w0tQbpMs6rGyA,20180115
Romantic Mashup | Sonu Nigam | Armaan Malik | Arijit Singh | Easy Ukulele Tutorial,Romantic Mashup,Sonu Nigam,Armaan Malik,,,,0,0,LwywGvIFAUc,UCXNmFZc8m5w0tQbpMs6rGyA,20180112
Ek Din Aap Yun | Kumar Sanu & Alka Yagnik | Easy Ukulele Tutorial,Ek Din Aap Yun,Yes Boss,Kumar Sanu & Alka Yagnik,Jatin- Lalit,,,0,0,aefU8m6stmI,UCXNmFZc8m5w0tQbpMs6rGyA,20180109
Only 3 Chords | Arijit Singh Medley | Easy Ukulele Tutorial,,Arijit Singh Medley,,,,,0,0,KT0c_ZD8hD8,UCXNmFZc8m5w0tQbpMs6rGyA,20180104
What is a Capo? Unboxing & Usage | Easy Ukulele Tutorial,What is a Capo? Unboxing & Usage,,,,,,0,0,dbf4O5mLfbw,UCXNmFZc8m5w0tQbpMs6rGyA,20171231
ONLY 3 CHORDS | 20 SONGS | Retro Medley | Easy Ukulele Tutorial,,20 SONGS,Retro Medley,,,,0,0,rZFPu10jDlo,UCXNmFZc8m5w0tQbpMs6rGyA,20171230
Tumne Mujhe Dekha | Mohd Rafi | Easy Ukulele Tutorial,Tumne Mujhe Dekha,Teesri Manzil,Mohd.Rafi,R.D.Burman,,,0,0,R3-2mkW871c,UCXNmFZc8m5w0tQbpMs6rGyA,20171224
BollyUke | Ukebox | Episode 1 | Bollywood Ukulele Tutorials,,Ukebox,Episode 1,,,,0,0,9vteyx13wEY,UCXNmFZc8m5w0tQbpMs6rGyA,20171223
Pal | Arijit Singh | Easy Ukulele Tutorial,Pal,Monsoon Shootout,Arijit Singh,Rochak Kohli,,,0,0,cGxs35kwag8,UCXNmFZc8m5w0tQbpMs6rGyA,20171222
Aaj Se Teri | Padman | Arijit Singh | Easy Ukulele Tutorial,Aaj Se Teri,Padman,Arijit Singh,Amit Trivedi,,,0,0,fmhrw9qpRws,UCXNmFZc8m5w0tQbpMs6rGyA,20171221
Shaam | Amit Trivedi | Easy Ukulele Tutorial,Shaam,Aisha,Amit Trivedi,Amit Trivedi,,,0,0,OqpprNxfLF4,UCXNmFZc8m5w0tQbpMs6rGyA,20171219
Dil Diyan Gallan | Atif Aslam | Easy Ukulele Tutorial,Dil Diyan Gallan,Tiger Zinda Hai,Atif Aslam,Vishal-Shekhar,,,0,0,jZ-I24GLo4w,UCXNmFZc8m5w0tQbpMs6rGyA,20171213
Tera Mujhse Hai Pehle | Kishore Kumar | Easy Ukulele Tutorial,Tera Mujhse Hai Pehle,Aa Gale Lag Ja,Kishore Kumar,R.D.Burman,,,0,0,mlQAGAV-q5M,UCXNmFZc8m5w0tQbpMs6rGyA,20171208
Tu Hi Re | A.R.Rahman | Easy Ukulele Tutorial,Tu Hi Re,Bombay,Hariharan & Kavita Krishnamurthy,A.R.Rahman,,,0,0,lL8sjpYL3fU,UCXNmFZc8m5w0tQbpMs6rGyA,20171128
The Art Of Strumming & Singing Together | Easy Ukulele Tutorial(HINDI),The Art Of Strumming & Singing Together,,,,,,0,0,yCxZrFIa80w,UCXNmFZc8m5w0tQbpMs6rGyA,20171124
Mere Rashke Qamar | Nusrat & Rahat Fateh Ali Khan | Easy Ukulele Tutorial,Mere Rashke Qamar,Badshaho,Nusrat & Rahat Fateh Ali Khan,Tanishk Bagchi,,,0,0,YMDtel7r134,UCXNmFZc8m5w0tQbpMs6rGyA,20171122
Yeh Nayan Dare Dare | Hemant Kumar | Easy Ukulele Tutorial,Yeh Nayan Dare Dare,Kohra,Hemant Kumar,Hemant Kumar,,,0,0,YCgWj3Ua6Bg,UCXNmFZc8m5w0tQbpMs6rGyA,20171121
Raat Baaki | Asha Bhosle | Easy Ukulele Tutorial,Raat Baaki,Namak Halal,Asha Bhosle & Bappi Lahiri,Bappi Lahiri,,,0,0,mi53jNomh5Y,UCXNmFZc8m5w0tQbpMs6rGyA,20171118
Indian Raga Songs Medley | Easy Ukulele Tutorial,Indian Raga Songs Medley,Padmavati,Shivam Pathak,Sanjay Leela Bhansali,,,0,0,Zmksi1xl-wg,UCXNmFZc8m5w0tQbpMs6rGyA,20171117
Aate Jaate | Lata Mangeshkar | Easy Ukulele Tutorial,Aate Jaate,Maine Pyar Kiya,"Lata Mangeshkar, S.P. Balasubramanium",Ram Laxman,,,0,0,mqkeULY36Vo,UCXNmFZc8m5w0tQbpMs6rGyA,20171113
Kahin Na Jaa | Lata Mangeshkar & Kishore Kumar | Easy Ukulele Tutorial,Kahin Na Jaa,Bade Dilwala,"Kishore Kumar, Lata Mangeshkar",R.D.Burman,,,0,0,qxQtml9O1io,UCXNmFZc8m5w0tQbpMs6rGyA,20171113
Main Phir Bhi Tumko Chahunga | Arijit Singh | Easy Ukulele Tutorial,Main Phir Bhi Tumko Chahunga,Aashiqui 2,Arijit Singh,Mithoon,,,0,0,B-PR_haYw_w,UCXNmFZc8m5w0tQbpMs6rGyA,20171113
Mana Ke Hum Yaar Nahin | Parineeti Chopra | Easy Ukulele Tutorial,Mana Ke Hum Yaar Nahin,Meri Pyaari Bindu,Parineeti Chopra,Sachin Jigar,,,0,0,fv72DWQU1h8,UCXNmFZc8m5w0tQbpMs6rGyA,20171113
Main Hun Saath Tere | Arijit Singh | Easy Ukulele Tutorial(HINDI),Main Hun Saath Tere,Shaadi Mein Zaroor Aana,Arijit Singh,Kaushik-Akash-Guddu,,,0,0,Ea4cPcRxdXA,UCXNmFZc8m5w0tQbpMs6rGyA,20171111
What is a Chord? The Essential Ukulele Chords ðŸŒŸ Free Chord Chart Giveaway,,,,,,,0,1,Dwdp7WDzOco,UCXNmFZc8m5w0tQbpMs6rGyA,20171111
How To Tune a Ukulele ? Bollywood Ukulele Tutorials(HINDI with Eng Subs),How To Tune a Ukulele ? Bollywood,s(HINDI with Eng Subs),,Arnab Chakraborty,,,0,0,XG8FsZqBZi4,UCXNmFZc8m5w0tQbpMs6rGyA,20171110
Different Types Of Ukuleles | Which One To Buy ? Bollywood Ukulele Tutorials (HINDI with Eng Subs),Different Types Of Ukuleles,Which One To Buy ? Bollywood,s (HINDI with Eng Subs),Arnab Chakraborty,,,0,0,s0ftEXz4J7o,UCXNmFZc8m5w0tQbpMs6rGyA,20171110
What is a Ukulele? Bollywood Ukulele Tutorials (HINDI with Eng Subtitles),What is a Ukulele? Bollywood,s (HINDI with Eng Subtitles),,Arnab Chakraborty,,,0,0,rOV6M9LczDM,UCXNmFZc8m5w0tQbpMs6rGyA,20171110
BollyUke | Bollywood Ukulele Tutorials | Introduction (HINDI with Eng Subtitles),,Bollywood,s,Arnab Chakraborty,,,0,0,k7RfygHOi2Y,UCXNmFZc8m5w0tQbpMs6rGyA,20171110
Agar Tum Saath Ho Playalong Ukulele Tutorial | Sayali Tank,Agar Tum Saath Ho,,,,"['C', 'F', 'G']",,0,0,bkZOERS0IGQ,UCJjV2CHB58Xerdqbwyka7QA,20191127
4 Basic Chords to Play more than 100 Songs | What is a chord? | Ukulele Tutorial | Sayali Tank,4 Basic Chords to Play more than 100 Songs,What is a chord?,,,,,0,0,rfoeuCjxSZo,UCJjV2CHB58Xerdqbwyka7QA,20190110
Sham (Aisha) | Easy Hindi Ukulele tutorial | Only 4 Basic Chords,Sham,Aisha,,,,,0,0,3xhKe3sRymU,UCJjV2CHB58Xerdqbwyka7QA,20190307
Pani da Rang Ukulele Tutorial | Only 3 Simple Chords | Easy Tutorial,Pani da Rang,,,,"['Am', 'F', 'G']",,0,0,tSNJgnoo734,UCJjV2CHB58Xerdqbwyka7QA,20190724
Introduction to Ukulele | Types of Ukuleles | Cost?? Brand?? Which Ukulele to buy?,,,,,,,0,1,ZVF43wKwV5o,UCJjV2CHB58Xerdqbwyka7QA,20181128
Pehli Nazar mein Ukulele Tutorial | Sayali Tank,Pehli Nazar mein,,,,,,0,0,8tFU6XYKrWA,UCJjV2CHB58Xerdqbwyka7QA,20190705
Kho Gaye Hum Kahan Ukulele Tutorial | Intermediate Level,Kho Gaye Hum Kahan,,,,"['C', 'Am', 'F', 'G Dm']",,0,0,LC5fL-BsnVM,UCJjV2CHB58Xerdqbwyka7QA,20200226
How to tune a ukulele with a mobile app ðŸŒŸ | For complete beginners ðŸŽ¸ | Sayali Tank,,,,,,,0,1,Hfo5Oai8Vwo,UCJjV2CHB58Xerdqbwyka7QA,20181101
Chord Switching Exercises | How to Switch Chords | Sayali Tank,,,,,,,0,1,FK6FywDy0eI,UCJjV2CHB58Xerdqbwyka7QA,20190608
Ajeeb dastan hai ye Ukulele Tutorial | Sayali Tank,Ajeeb dastan hai ye,,,,,,0,0,hHL2DRMaIrM,UCJjV2CHB58Xerdqbwyka7QA,20190417
How to hold and strum ukulele | Easy method for beginners,,,,,,,0,1,i66njd9rl9E,UCJjV2CHB58Xerdqbwyka7QA,20181025
Ek ladki ko dekha toh Playalong  | Only 3 Chords | Sayali Tank,Ek ladki ko dekha toh,,,,,,0,0,gjmX2zso3jU,UCJjV2CHB58Xerdqbwyka7QA,20190522
Bella Ciao Ukulele Tutorial,Bella Ciao,,,,,,0,0,p-twDOs9baU,UCJjV2CHB58Xerdqbwyka7QA,20200422
Zara Zara Ukulele Tutorial for complete beginners | Sayali Tank,Zara Zara,,,,"['C', 'Am', 'F', 'Dm', 'G', 'Em']",,0,0,8j6xVQc6ewY,UCJjV2CHB58Xerdqbwyka7QA,20191002
Give me some sunshine Ukulele Tutorial | Beginner Level,Give me some sunshine,,,,"['C', 'F', 'G']",,0,0,YWIhuJyD9eg,UCJjV2CHB58Xerdqbwyka7QA,20200325
Kaise hua Ukulele Tutorial,Kaise hua,,,,,,0,0,Zzc0PL_FnSo,UCJjV2CHB58Xerdqbwyka7QA,20190911
O sanam ukulele Tutorial,O sanam,,,,"['C', 'A', 'G', 'D']",,0,0,4K7usAwrfl4,UCJjV2CHB58Xerdqbwyka7QA,20200513
Lag jaa gale Ukulele Tutorial | Play along Tutorial  | Sayali Tank,Lag jaa gale,Tutorial,,,,,0,0,LW9cEMTt39c,UCJjV2CHB58Xerdqbwyka7QA,20190612
Main koi aisa geet gaun Ukulele Tutorial for beginners | Sayali Tank,Main koi aisa geet gaun,,,,"['C', 'F', 'G ', 'D']",,0,0,9Llz0YKO6xY,UCJjV2CHB58Xerdqbwyka7QA,20200122
Tu hi hai(Dear Zindagi)| Easy Ukulele Tutorial | Only 3 chords | Sayali Tank,Tu hi hai,Dear Zindagi,,,"['G', 'C', 'D']",,0,0,4Owa0gpW9y4,UCJjV2CHB58Xerdqbwyka7QA,20191009
Fingerpicking Basics | Basic Fingerpicking exercise,,,,,,,0,1,gI5Qwty34fA,UCJjV2CHB58Xerdqbwyka7QA,20190807
What is Ukulele? | basic Ukulele Lesson 1 For beginners in hindi,,,,,,,0,1,Hv1XGq3fVQI,UCJjV2CHB58Xerdqbwyka7QA,20181016
Teri Galliyan Ukulele Tutorial,Teri Galliyan,,,,"['C', 'Am', 'F', 'G', 'Em']",,0,0,uNv9w5gXIaY,UCJjV2CHB58Xerdqbwyka7QA,20200819
Kahi toh hogi woh Ukulele Tutorial | Simple Ukulele Tutorial For beginners | Sayali Tank,Kahi toh hogi woh,,,,,,0,0,qvsWDrHc8Go,UCJjV2CHB58Xerdqbwyka7QA,20190710
Raabta (Agent Vinod ) Ukulele Tutorial | Sayali Tank,Raabta,Agent Vinod,,,,,0,0,O4F9Od7TtK0,UCJjV2CHB58Xerdqbwyka7QA,20190814
Kaisi Paheli ZIndagani | Easy Hindi Ukulele tutorial | Only 3 Basic Chords,Kaisi Paheli ZIndagani,Hindi,,,"['C', 'F ', 'G']",,0,0,yeCGJeVs_JI,UCJjV2CHB58Xerdqbwyka7QA,20190403
Cold/Mess(Prateek Kuhad) Ukulele Tutorial for beginners | Sayali Tank,Cold/Mess,Prateek Kuhad,,,"['C', 'F', 'G']",,0,0,ceCUFxbPd0U,UCJjV2CHB58Xerdqbwyka7QA,20191225
Can't help falling in love with you | Ukulele Tutorial,Can't help falling in love with you,,,,,,0,0,ASMtyLnYqhA,UCJjV2CHB58Xerdqbwyka7QA,20190508
Iktara Ukulele Playalong Tutorial | Sayali Tank,Iktara,,,,"['G', 'C', 'D', 'Am']",,0,0,Bgz0ppPoLek,UCJjV2CHB58Xerdqbwyka7QA,20191023
Te Amo Ukulele Tutorial,Te Amo,,,,"['C', 'Em', 'Am', 'F', 'G']",,0,0,bWlET77gxKk,UCJjV2CHB58Xerdqbwyka7QA,20200805
Bekhayali Playalong Ukulele Tutotrial | Easy Chords,Bekhayali,Chords,,,"['C', 'Am', 'F', 'G', 'Dm', 'Em']",,0,0,uag2SErGbW0,UCJjV2CHB58Xerdqbwyka7QA,20190717
Tere sang yaara Ukulele tutorial | Sayali Tank,Tere sang yaara,,Atif Aslam,Arko,,,0,0,HYuujrBuuMI,UCJjV2CHB58Xerdqbwyka7QA,20190424
Ukulele Review and Comparision Of Kala Mk-T and Kadence Soprano Ukulele | Sayali Tank,,,,,,,0,1,Rlet5youfa4,UCJjV2CHB58Xerdqbwyka7QA,20191120
Watch this before you buy a Ukulele | Ukulele buying Guide | Things to consider??,,,,,,,0,1,H0oQr1LhQis,UCJjV2CHB58Xerdqbwyka7QA,20191106
In dino Ukulele tutorial,In dino,,,,"['C', 'Am', 'F', 'G']",,0,0,Mdh2JL1NL7I,UCJjV2CHB58Xerdqbwyka7QA,20200610
Guitar Vs Ukulele | Major Differences between the instruments | Sayali Tank,,,,,,,0,1,W_DDte3ne0o,UCJjV2CHB58Xerdqbwyka7QA,20190410
Jiye kyun Ukulele Tutorial | Sayali Tank,Jiye kyun,,,,"['C', 'Am', 'F', 'G']",,0,0,bGokBenMTQI,UCJjV2CHB58Xerdqbwyka7QA,20200311
Khairiyat Ukulele Tutorial,Khairiyat,,,,"['Am', 'F', 'G', 'Em', 'Dm', 'E7']",,0,0,pEMjJ8hMJFM,UCJjV2CHB58Xerdqbwyka7QA,20200401
How to sing and play Ukulele at the same time | How to Strum a ukulele and Sing at a time,,,,,,,0,1,YGWGh8e2EFg,UCJjV2CHB58Xerdqbwyka7QA,20190921
Mera Mann Kehne Laga Playalong Ukulele Tutorial | Sayali Tank,Mera Mann Kehne Laga,,,,"['G', 'C', 'Em', 'D']",,0,0,282M7cs1-Dg,UCJjV2CHB58Xerdqbwyka7QA,20191204
Bella Ciao Ukulele Cover,,,,,,,0,1,D52nNq_6VZQ,UCJjV2CHB58Xerdqbwyka7QA,20200421
Woh Lamhe Ukulele tutorial | Only 3 simple chords,Woh Lamhe,,,,"['Em', 'C', 'D']",,0,0,38e7wRuJJNE,UCJjV2CHB58Xerdqbwyka7QA,20200415
Kya karu (Wake Up Sid) Ukulele tutorial,Kya karu,Wake Up Sid,,,['C  G  Am  F  Bb'],,0,0,ogLzYIu1r5Q,UCJjV2CHB58Xerdqbwyka7QA,20200708
Yaaron Dosti Badi hi Haseen hai |  Ukulele Tutorial,Yaaron Dosti Badi hi Haseen hai,,,,"['C', 'Am', 'F', 'G', 'Em']",,0,0,AISBUkd5Nqo,UCJjV2CHB58Xerdqbwyka7QA,20200205
Kasoor (Prateek Kuhad) Ukulele Tutorial with Play Along,Kasoor,Prateek Kuhad,,,"['C', 'Am', 'F', 'Dm', 'Dm7', 'G']",,0,0,B95AKOjwLO4,UCJjV2CHB58Xerdqbwyka7QA,20201209
1 chord 13 songs on Ukulele | Mashup Tutorial,1 chord 13 songs on Ukulele,Mashup Tutorial,,,,,0,0,eYbLlzteGQc,UCJjV2CHB58Xerdqbwyka7QA,20210203
I wrote a song using Only Bhuvan Bam's instagram Captions | Sayali Tank,,,,,,,0,1,BdldyWkE9F4,UCJjV2CHB58Xerdqbwyka7QA,20190316
Shayad Ukulele Tutorial,Shayad,,,,"['C', 'Am', 'G', 'Em', 'D', 'Bm']",,0,0,WoU8p7RB3ec,UCJjV2CHB58Xerdqbwyka7QA,20200930
La vie en rose Ukulele Tutorial | Advance Level,La vie en rose,,,,"['C', 'Am', 'G', 'G6', 'Gmaj7', 'G7', 'D7', 'Cm6', 'Bb Dim']",,0,0,LlGPWPizht0,UCJjV2CHB58Xerdqbwyka7QA,20200318
Tumse hi(Jab we met) Ukulele Tutorial for beginners | Sayali Tank,Tumse hi,Jab we met,,,"['G', 'D', 'C', 'Em']",,0,0,nC08vgbto_s,UCJjV2CHB58Xerdqbwyka7QA,20200108
Chura liya hai tumne jo dil ko Ukulele tutorial,Chura liya hai tumne jo dil ko,,,,"['Am', 'G', 'E7']",,0,0,vNDsMmBxZ2A,UCJjV2CHB58Xerdqbwyka7QA,20200624
Hawayein Ukulele Tutorial | Simple Chords | Sayali Tank,Hawayein,,ARIJIT SINGH,PRITAM,,,0,0,kzX9HZbaY44,UCJjV2CHB58Xerdqbwyka7QA,20190821
Aaj kal tere mere pyaar k Charche Playalong Ukulele Tutorial | Sayali Tank,Aaj kal tere mere pyaar k Charche,,,,"['C', 'F', 'Dm', 'G']",,0,0,vCqVpYV5h9I,UCJjV2CHB58Xerdqbwyka7QA,20191208
Illahi Ukulele Tutorial,Illahi,,,,"['A', 'Dsus2', 'F#m', 'Bm', 'F', 'G']",,0,0,L8iO70RSqBo,UCJjV2CHB58Xerdqbwyka7QA,20200701
How to read Ukulele Chord Diagrams | Ukulele Bar Chords | Ukulele lesson for complete Beginners,,,,,,,0,1,VJeLHCGHM_k,UCJjV2CHB58Xerdqbwyka7QA,20190313
Tum jab pass aati ho | Only 4 Simple Chords Ukulele Tutorial,Tum jab pass aati ho,,,,"['C', 'Am', 'F', 'G']",,0,0,w0D-OIy3KC4,UCJjV2CHB58Xerdqbwyka7QA,20200129
Kala KA-15S-S Satin Spruce Soprano Ukulele Review,,,,,,,0,1,0SgE1ifsn4g,UCJjV2CHB58Xerdqbwyka7QA,20200303
Moh Moh Ke Dhaage Ukulele Tutorial for beginners | How to play Moh moh k dhaage on uke | Sayali Tank,Moh Moh Ke Dhaage,How to play Moh moh k dhaage on uke,,,"['C', 'F', 'G', 'Am', 'Em']",,0,0,6Nyf8_YXnnc,UCJjV2CHB58Xerdqbwyka7QA,20191122
Top 7 Reasons Why Beginners Quit Ukulele,,,,,,,0,1,MbOtdhTRoPM,UCJjV2CHB58Xerdqbwyka7QA,20190626
Kuch na Kaho Kuch bhi na kaho Ukulele Tutorial,Kuch na Kaho Kuch bhi na kaho,,,,"['C', 'Am', 'F', 'G', 'D']",,0,0,DtitAEZy5pc,UCJjV2CHB58Xerdqbwyka7QA,20200212
Reliable Brands? Which Brand Ukulele should I buy?,,,,,,,0,1,DrxICCZzBso,UCJjV2CHB58Xerdqbwyka7QA,20200326
Zingaat (sairat) | Female cover| cup song by Sayali Tank,,,,,,,0,1,uVBkpPr-6v4,UCJjV2CHB58Xerdqbwyka7QA,20161111
Sham | Aisha Ukulele Cover by Sayali Tank,,,,,,,0,1,_nSUlLMA8ww,UCJjV2CHB58Xerdqbwyka7QA,20181108
Kalank Ukulele Playalong Tutorial | Sayali Tank,Kalank,,,,,,0,0,1IkQVPRdd1g,UCJjV2CHB58Xerdqbwyka7QA,20191218
How to chuck on Ukulele? | Chucking? Chunking? Choking? | Instructional Guide on Chucking on Ukulele,,,,,,,0,1,obJnEnzlzr0,UCJjV2CHB58Xerdqbwyka7QA,20200330
Is ukulele easy to learn than Guitar? Difference between Guitar and Ukulele? | FAQ &A | Sayali Tank,,,,,,,0,1,OPnAczA1sAk,UCJjV2CHB58Xerdqbwyka7QA,20190327
How to Tune your Ukulele Accurately using Digital Tunner |  Ukulele Tunning with Digital Tuner,,,,,,,0,1,PkZrABns6jE,UCJjV2CHB58Xerdqbwyka7QA,20191103
Main rahu ya na rahu Ukulele Tutorial,Main rahu ya na rahu,,,,"['G', 'A', 'D', 'Am', 'Em', 'C']",,0,0,AaCbJslYadQ,UCJjV2CHB58Xerdqbwyka7QA,20200408
Phir Le Aaya Dil Ukulele Tutorial | Sayali Tank,Phir Le Aaya Dil,,,,"['G', 'C', 'D']",,0,0,SmasvYGN9MM,UCJjV2CHB58Xerdqbwyka7QA,20191016
Bol do na zara Ukulele tutorial,Bol do na zara,,,,,,0,0,SY_vxb9jAaw,UCJjV2CHB58Xerdqbwyka7QA,20190731
How to play C chord on Ukulele | #21daysofukechords,,,,,,,0,1,otNUifUCuHE,UCJjV2CHB58Xerdqbwyka7QA,20190701
How to do Quality check of Ukulele after buying it? + Kala Concert Ukulele Review,,,,,,,0,1,mRaRJh4EVxQ,UCJjV2CHB58Xerdqbwyka7QA,20200406
Dooba dooba rehta hu Ukulele Tutorial | Only 4 simple chords?,Dooba dooba rehta hu,,,,"['C', 'F', 'D', 'G']",,0,0,EgVMIVjezgs,UCJjV2CHB58Xerdqbwyka7QA,20200902
Hasi Ban Gaye Ukulele Tutorial,Hasi Ban Gaye,,,,"['C', 'Dm', 'Bb', 'Am', 'F']",,0,0,UjfOXzDHMJU,UCJjV2CHB58Xerdqbwyka7QA,20201014
How to read Ukulele Tabs | Learn Ukulele Tabs | Ukulele Lessons For beginners IN HINDI | Sayali Tank,,,,,,,0,1,6M7PFnC0UPE,UCJjV2CHB58Xerdqbwyka7QA,20190320
Yellow | Coldplay | Playalong |  Ukulele Tutorial | Sayali Tank,Yellow,Coldplay,,,,,0,0,7NZTSe1nr4w,UCJjV2CHB58Xerdqbwyka7QA,20191030
How to play D chord on Ukulele | #21daysofukechords,,,,,,,0,1,4lSd2vFcDMM,UCJjV2CHB58Xerdqbwyka7QA,20190704
Tumse Mil Ke Ukulele Tutorial,Tumse Mil Ke,,,,"['C', 'G', 'Dm', 'Am', 'F']",,0,0,oKQdx8kMQHM,UCJjV2CHB58Xerdqbwyka7QA,20200429
"1 Girl, 1 Medley, 23 Songs | Old Hindi Songs Mashup | Sayali Tank",,,,,,,0,1,YO-nqwQpDMc,UCJjV2CHB58Xerdqbwyka7QA,20180211
Tu mile dil khile Ukulele tutorial,Tu mile dil khile,,,,"['Dm', 'C', 'F', 'Am', 'G']",,0,0,5kZ-ksFRUGs,UCJjV2CHB58Xerdqbwyka7QA,20201021
Introducting #21daysofukechords challenge Video series | Sayali Tank,,,,,,,0,1,EjE4ZJC5z9Q,UCJjV2CHB58Xerdqbwyka7QA,20190630
Aaoge Jab Tum O Sajna Ukulele Tutorial | Intermediate level,Aaoge Jab Tum O Sajna,,,,"['C', 'Am', 'F', 'Dm', 'Bb', 'G']",,0,0,Q9ui3NYR-jg,UCJjV2CHB58Xerdqbwyka7QA,20200219
Tum Ho - Rockstar Ukulele Tutorial,Tum Ho - Rockstar,,,,"['C', 'Am', 'F', 'G', 'A', 'Gm', 'Bb', 'E']",,0,0,8ZPouviHFSc,UCJjV2CHB58Xerdqbwyka7QA,20210106
What size ukulele should I buy?? Best size Ukulele??,,,,,,,0,1,Og0LVr9NNYA,UCJjV2CHB58Xerdqbwyka7QA,20200323
O mere dil k chain Ukulele Tutorial,O mere dil k chain,,,,"['Am', 'Em', 'Dm', 'C', 'F', 'G']",,0,0,LrhbkpB6pHQ,UCJjV2CHB58Xerdqbwyka7QA,20200520
Kabhi Jo Badal Barse Ukulele Tutorial | Simple 4 chords Only,Kabhi Jo Badal Barse,,,,,,0,0,94fTig7Cvgw,UCJjV2CHB58Xerdqbwyka7QA,20190828
Kaun Tujhe Ukulele Tutorial,Kaun Tujhe,,,,"['Am', 'F', 'C', 'G', 'Em']",,0,0,IiJpSIkrIUg,UCJjV2CHB58Xerdqbwyka7QA,20201118
Kya mujhe pyar hai Playalong Ukulele Tutorial,Kya mujhe pyar hai,,,,"['C', 'Dm', 'Bb']",,0,0,cFT23HLT8_0,UCJjV2CHB58Xerdqbwyka7QA,20200527
My Ukulele Collection.!!,,,,,,,0,1,Jk05A_wcuLU,UCJjV2CHB58Xerdqbwyka7QA,20200411
Dil Bechara Ukulele Tutorial,Dil Bechara,,,,"['Gm', 'Bb', 'F', 'Dm']",,0,0,mpe4wA6upII,UCJjV2CHB58Xerdqbwyka7QA,20200715
Dil ko tumse pyaar hua Ukulele tutorial | Rehna hai tere dil mein,Dil ko tumse pyaar hua,Rehna hai tere dil mein,,,"['C', 'Am', 'F', 'Dm', 'G', 'E', 'E7', 'Bb']",,0,0,2i4dtdGXotw,UCJjV2CHB58Xerdqbwyka7QA,20200909
How to Play Cm Chord on Ukulele | Sayali Tank,,,,,,,0,1,cTm1CINhCbY,UCJjV2CHB58Xerdqbwyka7QA,20190702
Ukulele Drills (Warm up Exercises) to do everyday,,,,,,,0,1,4K-xYqSr28Q,UCJjV2CHB58Xerdqbwyka7QA,20201202
Ajeeb Dastan Hai Yeh | Ukulele Cover,,,,,,,0,1,6gi1r1Jbggw,UCJjV2CHB58Xerdqbwyka7QA,20190323
Kya hua Tera waada Ukulele Tutorial,Kya hua Tera waada,Hum Kisise kum nahi,Sushma Shreshtha & Mohd. Rafi,R.D Burman,"['Bb', 'F', 'C', 'Dm']",,0,0,N-BK6l_emMY,UCJjV2CHB58Xerdqbwyka7QA,20200916
Ye Shaam Mastani Ukulele Tutorial,Ye Shaam Mastani,,,,"['C', 'Am', 'D', 'A', 'G', 'Em']",,0,0,Imq_noh-Ua0,UCJjV2CHB58Xerdqbwyka7QA,20200826
"How to Change Uke Strings?? How to Clean,Maintain & take care of Uke? Tips for Ukulele Maintenance",,,,,,,0,1,_v9iIVpF-IE,UCJjV2CHB58Xerdqbwyka7QA,20200316
Meri Maa (Dasvidaniya) | Kailash Kher | Sayali Tank (Female Cover),,,,,,,0,1,PqUctSaOjgQ,UCJjV2CHB58Xerdqbwyka7QA,20170514
How to find chords to any song?,,,,,,,0,1,olpazQvWJ8U,UCJjV2CHB58Xerdqbwyka7QA,20200912
Wo dekhne emin kaisi sidhi sadhi ladki Ukulele Tutorial | Sayali Tank,Wo dekhne emin kaisi sidhi sadhi ladki,,,,"['C', 'Am', 'F', 'G', 'Dm']",,0,0,2ha0kvi4z_g,UCJjV2CHB58Xerdqbwyka7QA,20200101
Common mistakes you should avoid | Sayali Tank,,,,,,,0,1,fZ0W_l9RD_s,UCJjV2CHB58Xerdqbwyka7QA,20191213
What do I do apart from youtube,,,,,,,0,1,APk5cH0p9sA,UCJjV2CHB58Xerdqbwyka7QA,20200418
Baatein Kuch ankahi si Ukulele Tutorial,Baatein Kuch ankahi si,,,,"['A', 'D', 'E', 'f#m', 'Bm', 'C']",,0,0,J8whu5NKHrs,UCJjV2CHB58Xerdqbwyka7QA,20200617
Mere saamne wali khidki mein Ukulele Tutorial,Mere saamne wali khidki mein,,,,"['G', 'C', 'Am', 'D']",,0,0,fiYfnt2P_UE,UCJjV2CHB58Xerdqbwyka7QA,20201125
Roobaroo Ukulele Tutorial Indepedence day special,Roobaroo,,,,"['A', 'D', 'E']",,0,0,HfeS0pzW2jM,UCJjV2CHB58Xerdqbwyka7QA,20200812
Tu hi meri shab hai Ukulele Tutorial,Tu hi meri shab hai,,,,"['Am', 'F', 'G', 'D', 'E']",,0,0,OoHHB8zOd7o,UCJjV2CHB58Xerdqbwyka7QA,20201007
Tu Tu Hai Wahi Ukulele Tutorial,Tu Tu Hai Wahi,,,,"['C', 'F', 'Am', 'G', 'Dm', 'Em', 'A']",,0,0,sWVcR3PD1ic,UCJjV2CHB58Xerdqbwyka7QA,20190918
Haal ae dil Ukulele Tutorial fro beginners | Sayali Tank,Haal ae dil,,,,"['Am', 'C', 'F', 'G', 'Em']",,0,0,gtdz3-85GGU,UCJjV2CHB58Xerdqbwyka7QA,20200115
Trinity Concert Ukulele with Equalizer Review,,,,,,,0,1,dlnXHiuG510,UCJjV2CHB58Xerdqbwyka7QA,20200413
Kaisi paheli zindagani Cover  | Ukulele Cover | Sayali Tank,,,,,,,0,1,3NrWgxQ_0Ag,UCJjV2CHB58Xerdqbwyka7QA,20181215
Should I play Ukulele if I cant sing??,,,,,,,0,1,ChnREpHgLis,UCJjV2CHB58Xerdqbwyka7QA,20200905
Mora Saiyan Mose Bole Na Ukulele Tutorial | Advance Level,Mora Saiyan Mose Bole Na,,,,"['C', 'Am', 'F', 'G', 'Em']",,0,0,nc1Eucbapsw,UCJjV2CHB58Xerdqbwyka7QA,20200303
Ek pyaar ka nagma hai Ukulele tutorial,Ek pyaar ka nagma hai,Shor,Lata Mangeshkar & Mukesh,Laxmikant Pyarelal,"['A', 'F#m', 'E7', 'D', 'Bm']",,0,0,OvKBZLm6aiA,UCJjV2CHB58Xerdqbwyka7QA,20200923
Fly me to the moon Ukulele Tutorial,Fly me to the moon,,,,"['C7', 'A7', 'Dm', 'Gm', 'F']",,0,0,MasyuDVuN8M,UCJjV2CHB58Xerdqbwyka7QA,20201104
How to Play Dm chord on Ukulele | #21daysofukechords,,,,,,,0,1,gtMezncx_fM,UCJjV2CHB58Xerdqbwyka7QA,20190705
Tere sang yaara | Atif Aslam | Ukulele Cover | Rustom | Akshay Kumar & Ileana D'cruz | Sayali Tank,,,,,,,0,1,bxw30wX_7tg,UCJjV2CHB58Xerdqbwyka7QA,20180922
What things to consider while buying Ukulele??,,,,,,,0,1,BEfntRSmGTs,UCJjV2CHB58Xerdqbwyka7QA,20200324
Do Dil Mil Rahe Hai Ukulele Tutorial | Sayali Tank,Do Dil Mil Rahe Hai,,,,"['F', 'Dm', 'Bb', 'Gm']",,0,0,08Q7pvtyefk,UCJjV2CHB58Xerdqbwyka7QA,20191113
Hai Junoon Ukulele Tutorial | Friendship Day Special,Hai Junoon,,,,"['A', 'D', 'G', 'Em', 'Bm']",,0,0,JgPtML7PJJE,UCJjV2CHB58Xerdqbwyka7QA,20200722
Cant help Falling In Love Ukulele Tutorial,Cant help Falling In Love,,,,,,0,0,BVFHTHRgZio,UCJjV2CHB58Xerdqbwyka7QA,20190904
Kaha ho tum Mismatched Ukulele Tutorial Prateek Kuhad,Kaha ho tum Mismatched,Prateek Kuhad,,,"['F', 'C', 'Dm', 'Bb', 'Eb']",,0,0,RvDm1N9rCk8,UCJjV2CHB58Xerdqbwyka7QA,20201230
How to play C7 chord on Ukulele | #21daysofukechords,,,,,,,0,1,L49CpvtfMnE,UCJjV2CHB58Xerdqbwyka7QA,20190703
How to play E chord on Ukulele | #21daysofukechords,,,,,,,0,1,hja0S39_0vo,UCJjV2CHB58Xerdqbwyka7QA,20190707
Teri Mitti (Kesari) Ukulele Tutorial with Playalong,Teri Mitti,Kesari,,,"['D', 'Bm', 'G', 'A Chords with the same chord progression']",,0,0,aG9BccTbTGU,UCJjV2CHB58Xerdqbwyka7QA,20210120
What is capo?? #Sawaalcorner,,,,,,,0,1,q5ajedqada8,UCJjV2CHB58Xerdqbwyka7QA,20200321
How to play Bm chord on Ukulele | #21daysofukechords,,,,,,,0,1,Hx9LchVMXWc,UCJjV2CHB58Xerdqbwyka7QA,20190720
Phoolon ka taaron ka Ukulele tutorial | Rakshabandhan Special,Phoolon ka taaron ka,,,,"['G', 'C', 'D', 'Bm']",,0,0,tUEqn2fJLYU,UCJjV2CHB58Xerdqbwyka7QA,20200729
Ya Ali Ukulele Tutorial,Ya Ali,,,,"['Em', 'C', 'D']",,0,0,MKHboVCo8jw,UCJjV2CHB58Xerdqbwyka7QA,20201111
Tu Aashiqui Hai Ukulele Tutorial | Jhankaar Beats,Tu Aashiqui Hai,Jhankaar Beats,,,"['A', 'D', 'Bm', 'G']",,0,0,TTjWWMAc1Xo,UCJjV2CHB58Xerdqbwyka7QA,20201028
Meri Aashiqui Ab Tum Hi Ho(Female Cover) by Sayali Tank,,,,,,,0,1,G6nbHwintWQ,UCJjV2CHB58Xerdqbwyka7QA,20161025
How to play G chord on Ukulele| #21daysohukechords,,,,,,,0,1,eFHhaWg7bpE,UCJjV2CHB58Xerdqbwyka7QA,20190713
Jingle Bells Playalong  | Sayali Tank,Jingle Bells,,,,"['C', 'F', 'G7', 'D']",,0,0,518ty3EtXkw,UCJjV2CHB58Xerdqbwyka7QA,20191211
Mumma Ukulele Tutorial | Mothers Day Special,Mumma,,,,"['F', 'Dm', 'Bb', 'Gm', 'C']",,0,0,BgoaERFcHO4,UCJjV2CHB58Xerdqbwyka7QA,20200508
Aise kyun Ukulele Tutorial | Mismatched,Aise kyun,Mismatched,,,"['F', 'Dm', 'Am', 'C', 'Bb', 'Gm']",,0,0,y1dEZClCf-w,UCJjV2CHB58Xerdqbwyka7QA,20210210
Pyaar deewana hota hai mastana hota hai Ukulele Tutorial,Pyaar deewana hota hai mastana hota hai,,,,"['C', 'F', 'Bb', 'Eb']",,0,0,C5CcLnrT4d0,UCJjV2CHB58Xerdqbwyka7QA,20200603
How much time it takes to learn Ukulele,,,,,,,0,1,teG6AUwVoZ8,UCJjV2CHB58Xerdqbwyka7QA,20200229
How to buy Ukulele? Tips and Tricks? What do I do while buying Ukulele??,,,,,,,0,1,bxGf0oEjyok,UCJjV2CHB58Xerdqbwyka7QA,20200703
How to play ukulele if you are left handed??,,,,,,,0,1,iJFN7ZwzOBc,UCJjV2CHB58Xerdqbwyka7QA,20190816
Lazy Song Ukulele Tutorial for beginners | Bruno Mars,Lazy Song,Bruno Mars,,,"['C', 'F', 'G', 'Em', 'Dm', 'E7']",,0,0,OAnIf8a9DaU,UCJjV2CHB58Xerdqbwyka7QA,20191206
How to play F chord on Ukulele | #21daysofukechords,,,,,,,0,1,_O2dvb49n5o,UCJjV2CHB58Xerdqbwyka7QA,20190710
Suck at singing?? Strings Buzzing??,,,,,,,0,1,e12uJbWTJUI,UCJjV2CHB58Xerdqbwyka7QA,20200711
Zombie(Cranberries) Ukulele Tutorial with Playalong.. Easiest song to play?,Zombie,Cranberries,,,"['Em', 'C', 'G', 'D']",,0,0,h9_N-6VcocQ,UCJjV2CHB58Xerdqbwyka7QA,20210113
Bella Ciao Fingerstyle Chord Melody Cover,,,,,,,0,1,ho2Gx5Hu4CU,UCJjV2CHB58Xerdqbwyka7QA,20200511
What is an equalizer?? Why do we use it??,,,,,,,0,1,SFs1FZTSL7I,UCJjV2CHB58Xerdqbwyka7QA,20200118
Kaisi Hai Ye Rut K Jismein Ukulele Playalong Tutorial | Dil Chahta hai | Sayali Tank,Kaisi Hai Ye Rut K Jismein,Dil Chahta hai,,,"['C', 'Am', 'F', 'G', 'D', 'Fm']",,0,0,3BDlEOJsAaM,UCJjV2CHB58Xerdqbwyka7QA,20190925
How to Play Em chord on Ukulele | #21daysofukechords,,,,,,,0,1,SY1A3KDzbIY,UCJjV2CHB58Xerdqbwyka7QA,20190708
Don't Worry Be Happy Ukulele Tutorial,Don't Worry Be Happy,,,,"['C', 'F', 'Dm']",,0,0,9L8pxs8Dw6k,UCJjV2CHB58Xerdqbwyka7QA,20200529
"Te amo ( Dum Maro Dum) | Ash king, Sunidhi Chauhan | Sayali Tank (Cover)",,,,,,,0,1,riMB9glzd2E,UCJjV2CHB58Xerdqbwyka7QA,20170506
Musafir Hu Yaaro Ukulele Tutorial,Musafir Hu Yaaro,,,,"['C', 'F', 'Bb']",,0,0,OVWu78b8Uoc,UCJjV2CHB58Xerdqbwyka7QA,20200506
How to hydrate ukulele ?? How much time I riyaaj ??,,,,,,,0,1,bQDlZyX7y-8,UCJjV2CHB58Xerdqbwyka7QA,20200801
Do I have a boyfriend?? Who would I date Joey or Chandler?? | #sawaalCorner,,,,,,,0,1,bPwAy7AQKcE,UCJjV2CHB58Xerdqbwyka7QA,20191026
Jab koi baat bigad jaye Ukulele Tutorial with Playalong,Jab koi baat bigad jaye,,,,"['G', 'C', 'Am', 'Em', 'Bm', 'Dm', 'D']",,0,0,sLnTu7-MA20,UCJjV2CHB58Xerdqbwyka7QA,20210217
City Life Ukulele Tutorial,City Life,,,,"['F', 'C', 'G', 'Am']",,0,0,Dsis_xEfy9w,UCJjV2CHB58Xerdqbwyka7QA,20200515
Feliz Navidad Ukulele Tutorial with Play along,Feliz Navidad,,,,"['C', 'D', 'G', 'Em']",,0,0,FwjDfLKiARg,UCJjV2CHB58Xerdqbwyka7QA,20201216
How to play B chord on Ukulele | #21daysofukechords,,,,,,,0,1,sLEhGx6ixMM,UCJjV2CHB58Xerdqbwyka7QA,20190719
What steps should I follow to learn Ukulele?? In what order I should learn Ukulele??,,,,,,,0,1,JryuEjYHbfE,UCJjV2CHB58Xerdqbwyka7QA,20200425
How to play D7 chord on Ukulele | Sayali Tank,,,,,,,0,1,0DZXmjIGmkM,UCJjV2CHB58Xerdqbwyka7QA,20190706
Why we use capo? Is it necessary to use capo?,,,,,,,0,1,lYSZzgfejww,UCJjV2CHB58Xerdqbwyka7QA,20200926
Tik Tik Waajte Dokyat Ukulele Tutorial with Playalong,Tik Tik Waajte Dokyat,,,,"['C', 'Am', 'F', 'G', 'G7', 'Dm']",,0,0,_Np6iIZ2Gcs,UCJjV2CHB58Xerdqbwyka7QA,20201223
Ek Ladki Ko Dekha Toh Ukulele Cover | Female Cover | Sayali Tank,,,,,,,0,1,wNTdgxHhbcA,UCJjV2CHB58Xerdqbwyka7QA,20190213
Somebody's Me(Enrique Iglesias) | Female Cover | Sayali Tank,,,,,,,0,1,yKinj1fLKi4,UCJjV2CHB58Xerdqbwyka7QA,20180513
Steps to learn Ukulele. Feeling lost?,,,,,,,0,1,GlEuH0lj_L8,UCJjV2CHB58Xerdqbwyka7QA,20201024
Pro at ukulele by learning online??,,,,,,,0,1,nRl5F0Ju_RY,UCJjV2CHB58Xerdqbwyka7QA,20200620
How to find strumming pattern?? Finger aching??,,,,,,,0,1,8L_0MikydA8,UCJjV2CHB58Xerdqbwyka7QA,20200829
Hi chaal turu turu   Can Song,,,,,,,0,1,_d9I2o89bDs,UCJjV2CHB58Xerdqbwyka7QA,20170129
How to Play Fm chord on Ukulele | #21daysofukechords,,,,,,,0,1,gTPpRet7QG8,UCJjV2CHB58Xerdqbwyka7QA,20190711
Will Ukuleles be available post lockdown??,,,,,,,0,1,dkPfn10iPns,UCJjV2CHB58Xerdqbwyka7QA,20200704
How to repair Broken/Damaged Ukulele? Fixing Broken Ukulele Bridge? Broken Ukulele Nut?,,,,,,,0,1,TCRqmUxEyPo,UCJjV2CHB58Xerdqbwyka7QA,20200818
Phir Dekhiye Playalong Ukulele Tutorial | Sayali Tank,Phir Dekhiye,,,,"['C', 'F', 'G', 'Em']",,0,0,YlJu3HdzVjA,UCJjV2CHB58Xerdqbwyka7QA,20191201
Lag Jaa Gale and Can't Help Falling In Love Mashup | Sayali Tank,,,,,,,0,1,41A-ImER7AQ,UCJjV2CHB58Xerdqbwyka7QA,20190106
Correct pronounciation of ukulele??,,,,,,,0,1,v2ZLvmQT5RY,UCJjV2CHB58Xerdqbwyka7QA,20200530
Raat Kali Ek Khwab Mein Aayi Ukulele Tutorial with Playalong,Raat Kali Ek Khwab Mein Aayi,,,,"['Dm', 'C', 'G', 'F']",,0,0,81ATGANX5_w,UCJjV2CHB58Xerdqbwyka7QA,20210127
How to play C6 chord on Ukulele | #21daysofukechords,,,,,,,0,1,AlujmKgWIhY,UCJjV2CHB58Xerdqbwyka7QA,20190722
What happened to my Tenor Ukulele?? How to progress with Ukulele??,,,,,,,0,1,jTyrRYd69Yg,UCJjV2CHB58Xerdqbwyka7QA,20200725
My favourite movie?? Favourite actor?? | #Sawaalcorner | Sayali Tank,,,,,,,0,1,Z2tGzBhVzBI,UCJjV2CHB58Xerdqbwyka7QA,20191019
Rab ne bana di jodi,,,,,,,0,1,Cgl_7TFHm7M,UCJjV2CHB58Xerdqbwyka7QA,20161014
Live Sawaal Corner & Unboxing Silver Play Button,,,,,,,0,1,nORDXvOY9bQ,UCJjV2CHB58Xerdqbwyka7QA,20210109
What are the names of My Ukuleles?,,,,,,,0,1,9ME8ThsjSZw,UCJjV2CHB58Xerdqbwyka7QA,20200627
Which Ukulele Should I buy? Same chords on all Ukuleles? Guitar capo on Ukulele Capo?,,,,,,,0,1,F-2kqxtAuvU,UCJjV2CHB58Xerdqbwyka7QA,20200523
City LIfe Ukulele Cover,,,,,,,0,1,FUgyt75hOgw,UCJjV2CHB58Xerdqbwyka7QA,20200504
Pitah se hai naam tera (Boss) | Sonu Nigam | Sayali Tank ft  Anuj Lodhi,,,,,,,0,1,tZ0FYP_Hjb4,UCJjV2CHB58Xerdqbwyka7QA,20170617
Online Classes?? Am I fan of Mostlysane??,,,,,,,0,1,mC8xZvIrLqo,UCJjV2CHB58Xerdqbwyka7QA,20200516
Why wood type matters? Why ukulele material matters a lot?,,,,,,,0,1,N4Qj2aoGb-o,UCJjV2CHB58Xerdqbwyka7QA,20200326
Sooraj dooba hai yaaro (Roy) | Female cover | Cup Song by Sayali Tank,,,,,,,0,1,KO34E_hgdQY,UCJjV2CHB58Xerdqbwyka7QA,20161111
Tu tu hai wahi | Yeh Vaada Raha Songs | Sayali Tank,,,,,,,0,1,ctYigsP8fhg,UCJjV2CHB58Xerdqbwyka7QA,20180825
Sanetizing Ukulele?? How to  start with ukulele?,,,,,,,0,1,ebhgyjgfQtw,UCJjV2CHB58Xerdqbwyka7QA,20200808
How to play Am chord on Ukulele | #21daysofukechords,,,,,,,0,1,ftqbCbrWWD0,UCJjV2CHB58Xerdqbwyka7QA,20190717
Different strumming sounds? Different Ways of Tunning Ukulele??,,,,,,,0,1,bHMo4cKjFsg,UCJjV2CHB58Xerdqbwyka7QA,20200822
How to find scale of any song?,,,,,,,0,1,kYk4nZDet-k,UCJjV2CHB58Xerdqbwyka7QA,20210116
Buzzing Strings? What to do?,,,,,,,0,1,V9maRn50YHw,UCJjV2CHB58Xerdqbwyka7QA,20201128
How to play E7 chord on Ukulele | #21daysofukechords,,,,,,,0,1,0ADzt1NT8ww,UCJjV2CHB58Xerdqbwyka7QA,20190709
Its not okay. Lets be kind to one another.,,,,,,,0,1,ev2GdF2Vxa4,UCJjV2CHB58Xerdqbwyka7QA,20200615
Samjhawan Unplugged cover | Humpty Sharma Ki Dulhania | Sayali Tank,,,,,,,0,1,plr0X-1Lm_4,UCJjV2CHB58Xerdqbwyka7QA,20180908
Am I giving Trinity Exams? Podcast details??,,,,,,,0,1,QOdPM-Wr7Cg,UCJjV2CHB58Xerdqbwyka7QA,20201107
Is it possible to learn uke on your own??,,,,,,,0,1,4TEZBske0dE,UCJjV2CHB58Xerdqbwyka7QA,20200125
How to pronounce Ukulele?? I am going to upload 2 videos a week?? | #Sawaalcorner,,,,,,,0,1,oMWYW3sjmXM,UCJjV2CHB58Xerdqbwyka7QA,20191012
Kahin door jab din dhal jaaye | Anand | Female Cover | Sayali Tank,,,,,,,0,1,qcw-9i-oX4w,UCJjV2CHB58Xerdqbwyka7QA,20180610
Maintaining Strumming Tempo? Buzzing Ukulele??,,,,,,,0,1,QaiQU4ulHmM,UCJjV2CHB58Xerdqbwyka7QA,20201114
How to play Gm chord on Ukulele | #21daysohukechords,,,,,,,0,1,5I4hcZ46ysw,UCJjV2CHB58Xerdqbwyka7QA,20190714
Spider web In uke? What to do?,,,,,,,0,1,T4sADPnBTnA,UCJjV2CHB58Xerdqbwyka7QA,20201121
