title,track,album,artists,composer,chords,key,publish,id,ignore,channel,upload_date,uploader
Rab ne bana di jodi,,,,,,,0,Cgl_7TFHm7M,1,UCJjV2CHB58Xerdqbwyka7QA,20161014,Sayali Tank
Meri Aashiqui Ab Tum Hi Ho(Female Cover) by Sayali Tank,,,,,,,0,G6nbHwintWQ,1,UCJjV2CHB58Xerdqbwyka7QA,20161025,Sayali Tank
Sooraj dooba hai yaaro (Roy) | Female cover | Cup Song by Sayali Tank,,,,,,,0,KO34E_hgdQY,1,UCJjV2CHB58Xerdqbwyka7QA,20161111,Sayali Tank
Zingaat (sairat) | Female cover| cup song by Sayali Tank,,,,,,,0,uVBkpPr-6v4,1,UCJjV2CHB58Xerdqbwyka7QA,20161111,Sayali Tank
Kankar Mohe( Kajri ) cover,,,,,,,0,wiO56kwRDc0,1,UCJjV2CHB58Xerdqbwyka7QA,20161201,Sayali Tank
Happy New Year 2017.!! Aane wala pal (Female mini cover by Sayali Tank),,,,,,,0,mNQd1GG1Rm4,1,UCJjV2CHB58Xerdqbwyka7QA,20170101,Sayali Tank
Hi chaal turu turu   Can Song,,,,,,,0,_d9I2o89bDs,1,UCJjV2CHB58Xerdqbwyka7QA,20170129,Sayali Tank
Kaun Tuze Unplugged (M.S.Dhoni : The Untold Story) | Cover by Sayali Tank | (Palak Muchhal),,,,,,,0,O9-yH4qTAqQ,1,UCJjV2CHB58Xerdqbwyka7QA,20170227,Sayali Tank
"Te amo ( Dum Maro Dum) | Ash king, Sunidhi Chauhan | Sayali Tank (Cover)",,,,,,,0,riMB9glzd2E,1,UCJjV2CHB58Xerdqbwyka7QA,20170506,Sayali Tank
Meri Maa (Dasvidaniya) | Kailash Kher | Sayali Tank (Female Cover),,,,,,,0,PqUctSaOjgQ,1,UCJjV2CHB58Xerdqbwyka7QA,20170514,Sayali Tank
Don't Let Me Down - The Chainsmokers | Sayali Tank Cover,,,,,,,0,1FtCTCo4BDM,1,UCJjV2CHB58Xerdqbwyka7QA,20170527,Sayali Tank
Pitah se hai naam tera (Boss) | Sonu Nigam | Sayali Tank ft  Anuj Lodhi,,,,,,,0,tZ0FYP_Hjb4,1,UCJjV2CHB58Xerdqbwyka7QA,20170617,Sayali Tank
Mein phir bhi tumko chahunga(Half Girlfriend) | Arijit Singh|Sayali Tank(Female Cover),,,,,,,0,KfHTHavZ2NQ,1,UCJjV2CHB58Xerdqbwyka7QA,20170707,Sayali Tank
Numb (Meteora) | Linkin Park | Sayali Tank (Female) Cover | Cup Song,,,,,,,0,B66-riR00pQ,1,UCJjV2CHB58Xerdqbwyka7QA,20170903,Sayali Tank
Khamoshiyan | Arijit Singh |Sayali Tank | Unplugged Female cover,,,,,,,0,WTgWCbURcRw,1,UCJjV2CHB58Xerdqbwyka7QA,20170910,Sayali Tank
How To Tune a Ukulele ? Bollywood Ukulele Tutorials(HINDI with Eng Subs),How To Tune A Ukulele ? Bollywood,S(Hindi With Eng Subs),,Arnab Chakraborty,,,0,XG8FsZqBZi4,1,UCXNmFZc8m5w0tQbpMs6rGyA,20171110,BollyUke - Bollywood Ukulele Tutorials
BollyUke | Bollywood Ukulele Tutorials | Introduction (HINDI with Eng Subtitles),,,,,,,0,k7RfygHOi2Y,1,UCXNmFZc8m5w0tQbpMs6rGyA,20171110,BollyUke - Bollywood Ukulele Tutorials
What is a Ukulele? Bollywood Ukulele Tutorials (HINDI with Eng Subtitles),,,,,,,0,rOV6M9LczDM,1,UCXNmFZc8m5w0tQbpMs6rGyA,20171110,BollyUke - Bollywood Ukulele Tutorials
Different Types Of Ukuleles | Which One To Buy ? Bollywood Ukulele Tutorials (HINDI with Eng Subs),Different Types Of Ukuleles,Which One To Buy ? Bollywood,S (Hindi With Eng Subs),Arnab Chakraborty,,,0,s0ftEXz4J7o,1,UCXNmFZc8m5w0tQbpMs6rGyA,20171110,BollyUke - Bollywood Ukulele Tutorials
What is a Chord? The Essential Ukulele Chords ðŸŒŸ Free Chord Chart Giveaway,,,,,,,0,Dwdp7WDzOco,1,UCXNmFZc8m5w0tQbpMs6rGyA,20171111,BollyUke - Bollywood Ukulele Tutorials
Indian Raga Songs Medley | Easy Ukulele Tutorial,,,,,,,0,Zmksi1xl-wg,1,UCXNmFZc8m5w0tQbpMs6rGyA,20171117,BollyUke - Bollywood Ukulele Tutorials
The Art Of Strumming & Singing Together | Easy Ukulele Tutorial(HINDI),The Art Of Strumming & Singing Together,,,,,,0,yCxZrFIa80w,1,UCXNmFZc8m5w0tQbpMs6rGyA,20171124,BollyUke - Bollywood Ukulele Tutorials
BollyUke | Ukebox | Episode 1 | Bollywood Ukulele Tutorials,,,,,,,0,9vteyx13wEY,1,UCXNmFZc8m5w0tQbpMs6rGyA,20171223,BollyUke - Bollywood Ukulele Tutorials
ONLY 3 CHORDS | 20 SONGS | Retro Medley | Easy Ukulele Tutorial,,,,,,,0,rZFPu10jDlo,1,UCXNmFZc8m5w0tQbpMs6rGyA,20171230,BollyUke - Bollywood Ukulele Tutorials
What is a Capo? Unboxing & Usage | Easy Ukulele Tutorial,,,,,,,0,dbf4O5mLfbw,1,UCXNmFZc8m5w0tQbpMs6rGyA,20171231,BollyUke - Bollywood Ukulele Tutorials
Only 3 Chords | Arijit Singh Medley | Easy Ukulele Tutorial,,,,,,,0,KT0c_ZD8hD8,1,UCXNmFZc8m5w0tQbpMs6rGyA,20180104,BollyUke - Bollywood Ukulele Tutorials
Romantic Mashup | Sonu Nigam | Armaan Malik | Arijit Singh | Easy Ukulele Tutorial,,,,,,,0,LwywGvIFAUc,1,UCXNmFZc8m5w0tQbpMs6rGyA,20180112,BollyUke - Bollywood Ukulele Tutorials
BollyUke | UkeBox | Episode 2 | Bollywood Ukulele Tutorials,,,,,,,0,ZQ2pHU9AtFU,1,UCXNmFZc8m5w0tQbpMs6rGyA,20180115,BollyUke - Bollywood Ukulele Tutorials
"1 Girl, 1 Medley, 23 Songs | Old Hindi Songs Mashup | Sayali Tank",,,,,,,0,YO-nqwQpDMc,1,UCJjV2CHB58Xerdqbwyka7QA,20180211,Sayali Tank
Ukebox Ep.3 | Ukulele Basics For Beginners (HINDI) | BollyUke,,,,,,,0,0nGh3MvTiJs,1,UCXNmFZc8m5w0tQbpMs6rGyA,20180408,BollyUke - Bollywood Ukulele Tutorials
Sanam Re | Song Cover | Sayali Tank,,,,,,,0,futKMzhzrdM,1,UCJjV2CHB58Xerdqbwyka7QA,20180414,Sayali Tank
What is a Metronome? How to practice with it ? Easy Ukulele Tutorial,,,,,,,0,tpzqtj4cPKc,1,UCXNmFZc8m5w0tQbpMs6rGyA,20180419,BollyUke - Bollywood Ukulele Tutorials
Havana | Camila Cabello | Song Cover | Sayali Tank,,,,,,,0,B2nDt6sDVQg,1,UCJjV2CHB58Xerdqbwyka7QA,20180421,Sayali Tank
Hawayein | Female cover | Sayali Tank,,,,,,,0,cdEBM7dv0vU,1,UCJjV2CHB58Xerdqbwyka7QA,20180506,Sayali Tank
What is a Ukulele Strap ? Readymade & DIY Comparison(HINDI),,,,,,,0,v1RpazydBQA,1,UCXNmFZc8m5w0tQbpMs6rGyA,20180507,BollyUke - Bollywood Ukulele Tutorials
Somebody's Me(Enrique Iglesias) | Female Cover | Sayali Tank,,,,,,,0,yKinj1fLKi4,1,UCJjV2CHB58Xerdqbwyka7QA,20180513,Sayali Tank
Dooba Dooba rehta hoon | Parth Sharma & Sayali Tank,,,,,,,0,XZdlb1T2pWg,1,UCJjV2CHB58Xerdqbwyka7QA,20180522,Sayali Tank
Tum Se Hi | Jab we met | Unplugged cover by Sayali Tank,,,,,,,0,wr3ng7aykbo,1,UCJjV2CHB58Xerdqbwyka7QA,20180526,Sayali Tank
Kahin door jab din dhal jaaye | Anand | Female Cover | Sayali Tank,,,,,,,0,qcw-9i-oX4w,1,UCJjV2CHB58Xerdqbwyka7QA,20180610,Sayali Tank
Safar | Bhuvam Bam | Female Cover | Sayali Tank,,,,,,,0,aaOagn_EvDo,1,UCJjV2CHB58Xerdqbwyka7QA,20180616,Sayali Tank
Tumse milke aisa laga(Parinda) | Female cover | Sayali Tank,,,,,,,0,NZ5FmlkBGy0,1,UCJjV2CHB58Xerdqbwyka7QA,20180624,Sayali Tank
Kehna Hai(Padosan) | Kishor Kumar | Female cover,,,,,,,0,lM1GqVcNZjk,1,UCJjV2CHB58Xerdqbwyka7QA,20180630,Sayali Tank
Kuch Na Kaho | 1942: A Love Story | Sayali Tank | Female Cover,,,,,,,0,7xV82AqgzLI,1,UCJjV2CHB58Xerdqbwyka7QA,20180707,Sayali Tank
Jab Koi Baat Bigad Jaye | Female Jazz cover,,,,,,,0,ZIxMnQCKXY4,1,UCJjV2CHB58Xerdqbwyka7QA,20180714,Sayali Tank
Udi | Guzarish | Sayali Tank Cover,,,,,,,0,2pF7QNvSHYg,1,UCJjV2CHB58Xerdqbwyka7QA,20180729,Sayali Tank
Inteha Ho Gai (Female cover) | Sayali Tank | Jazz Cover,,,,,,,0,7sc7xP6E6_w,1,UCJjV2CHB58Xerdqbwyka7QA,20180804,Sayali Tank
[Song Cover] Raabta | Agent Vinod | Sayali Tank(Female Cover),,,,,,,0,ZqddP3A3y08,1,UCJjV2CHB58Xerdqbwyka7QA,20180811,Sayali Tank
[SERIES] Bollywood Songs Misheard Lyrics | Episode 1,,,,,,,0,QGncvfAZ_q8,1,UCJjV2CHB58Xerdqbwyka7QA,20180816,Sayali Tank
Tu tu hai wahi | Yeh Vaada Raha Songs | Sayali Tank,,,,,,,0,ctYigsP8fhg,1,UCJjV2CHB58Xerdqbwyka7QA,20180825,Sayali Tank
MISHEARD LYRICS #2 |TRY NOT TO LAUGH |  Sayali Tank,,,,,,,0,yo-sZfNysvM,1,UCJjV2CHB58Xerdqbwyka7QA,20180901,Sayali Tank
How To Read Ukulele Tabs ? Easy Ukulele Tutorial(HINDI),How To Read Ukulele,?,,,,,0,EkxLcBHeZJQ,1,UCXNmFZc8m5w0tQbpMs6rGyA,20180905,BollyUke - Bollywood Ukulele Tutorials
Samjhawan Unplugged cover | Humpty Sharma Ki Dulhania | Sayali Tank,,,,,,,0,plr0X-1Lm_4,1,UCJjV2CHB58Xerdqbwyka7QA,20180908,Sayali Tank
My First ever meet up  : meeting Tanya Khanijow | Sayali Tank Vlogs #47,,,,,,,0,Gu4tne_HOlg,1,UCJjV2CHB58Xerdqbwyka7QA,20180912,Sayali Tank
Tips For Aspiring Youtubers With Tanya Khanijow | Weird questions tag,,,,,,,0,ON05z0aFHGI,1,UCJjV2CHB58Xerdqbwyka7QA,20180913,Sayali Tank
[SERIES] Misheard Lyrics Bollywood and Hollywood | Episode 3 | Sayali Tank,,,,,,,0,R1WwC223I8w,1,UCJjV2CHB58Xerdqbwyka7QA,20180915,Sayali Tank
Tere sang yaara | Atif Aslam | Ukulele Cover | Rustom | Akshay Kumar & Ileana D'cruz | Sayali Tank,,,,,,,0,bxw30wX_7tg,1,UCJjV2CHB58Xerdqbwyka7QA,20180922,Sayali Tank
What is Ukulele? | basic Ukulele Lesson 1 For beginners in hindi,,,,,,,0,Hv1XGq3fVQI,1,UCJjV2CHB58Xerdqbwyka7QA,20181016,Sayali Tank
Misheard Lyrics | Try not to laugh | Episode 4,,,,,,,0,EQiOS7QD4T8,1,UCJjV2CHB58Xerdqbwyka7QA,20181023,Sayali Tank
How to hold and strum ukulele | Easy method for beginners,,,,,,,0,i66njd9rl9E,1,UCJjV2CHB58Xerdqbwyka7QA,20181025,Sayali Tank
Cranberries  Zombie,,,,,,,0,hck5M3zYfUM,1,UCJjV2CHB58Xerdqbwyka7QA,20181028,Sayali Tank
How to tune a ukulele with a mobile app ðŸŒŸ | For complete beginners ðŸŽ¸ | Sayali Tank,,,,,,,0,Hfo5Oai8Vwo,1,UCJjV2CHB58Xerdqbwyka7QA,20181101,Sayali Tank
Sham | Aisha Ukulele Cover by Sayali Tank,,,,,,,0,_nSUlLMA8ww,1,UCJjV2CHB58Xerdqbwyka7QA,20181108,Sayali Tank
Introduction to Ukulele | Types of Ukuleles | Cost?? Brand?? Which Ukulele to buy?,,,,,,,0,ZVF43wKwV5o,1,UCJjV2CHB58Xerdqbwyka7QA,20181128,Sayali Tank
BollyUke | Ukebox Ep.3 | 1st Anniversary Giveaway (HINDI),,,,,,,0,5HlS3H3E4WY,1,UCXNmFZc8m5w0tQbpMs6rGyA,20181212,BollyUke - Bollywood Ukulele Tutorials
Kaisi paheli zindagani Cover  | Ukulele Cover | Sayali Tank,,,,,,,0,3NrWgxQ_0Ag,1,UCJjV2CHB58Xerdqbwyka7QA,20181215,Sayali Tank
BollyUke | Chord Progression & Strumming | Lesson 1(HINDI),,,,,,,0,ZFTQOaMx22g,1,UCXNmFZc8m5w0tQbpMs6rGyA,20181221,BollyUke - Bollywood Ukulele Tutorials
Lag Jaa Gale and Can't Help Falling In Love Mashup | Sayali Tank,,,,,,,0,41A-ImER7AQ,1,UCJjV2CHB58Xerdqbwyka7QA,20190106,Sayali Tank
4 Basic Chords to Play more than 100 Songs | What is a chord? | Ukulele Tutorial | Sayali Tank,,,,,,,0,rfoeuCjxSZo,1,UCJjV2CHB58Xerdqbwyka7QA,20190110,Sayali Tank
Jagjit Singh Medley | Only 4 Chords | Easy Ukulele Tutorial,,,,,,,0,ClBWN6gw-D4,1,UCXNmFZc8m5w0tQbpMs6rGyA,20190208,BollyUke - Bollywood Ukulele Tutorials
Ek Ladki Ko Dekha Toh Ukulele Cover | Female Cover | Sayali Tank,,,,,,,0,wNTdgxHhbcA,1,UCJjV2CHB58Xerdqbwyka7QA,20190213,Sayali Tank
How to read Ukulele Chord Diagrams | Ukulele Bar Chords | Ukulele lesson for complete Beginners,,,,,,,0,VJeLHCGHM_k,1,UCJjV2CHB58Xerdqbwyka7QA,20190313,Sayali Tank
I wrote a song using Only Bhuvan Bam's instagram Captions | Sayali Tank,,,,,,,0,BdldyWkE9F4,1,UCJjV2CHB58Xerdqbwyka7QA,20190316,Sayali Tank
How to read Ukulele Tabs | Learn Ukulele Tabs | Ukulele Lessons For beginners IN HINDI | Sayali Tank,,,,,,,0,6M7PFnC0UPE,1,UCJjV2CHB58Xerdqbwyka7QA,20190320,Sayali Tank
Ajeeb Dastan Hai Yeh | Ukulele Cover,,,,,,,0,6gi1r1Jbggw,1,UCJjV2CHB58Xerdqbwyka7QA,20190323,Sayali Tank
Is ukulele easy to learn than Guitar? Difference between Guitar and Ukulele? | FAQ &A | Sayali Tank,,,,,,,0,OPnAczA1sAk,1,UCJjV2CHB58Xerdqbwyka7QA,20190327,Sayali Tank
A Song Through google Translate | Pehli Nazar mein | Google Translated Songs | Sayali Tank,,,,,,,0,4degmQ4qymI,1,UCJjV2CHB58Xerdqbwyka7QA,20190330,Sayali Tank
1 Beat Mashup(Part 1)| Bollywood VS Hollywood-SINGOFF| Mashup on Shape of you Beats | Sayali Tank,,,,,,,0,HvIl6Isussk,1,UCJjV2CHB58Xerdqbwyka7QA,20190406,Sayali Tank
Guitar Vs Ukulele | Major Differences between the instruments | Sayali Tank,,,,,,,0,W_DDte3ne0o,1,UCJjV2CHB58Xerdqbwyka7QA,20190410,Sayali Tank
1 Beat Mashup(Part 2)| Bollywood VS Hollywood-SINGOFF| Mashup on Shape of you Beats | Sayali Tank,,,,,,,0,GRha6v4PI-o,1,UCJjV2CHB58Xerdqbwyka7QA,20190413,Sayali Tank
Love me like you do on Indian beats | Sayali Tank,,,,,,,0,7oU0weqX09A,1,UCJjV2CHB58Xerdqbwyka7QA,20190420,Sayali Tank
2k Subscribers Special,,,,,,,0,r2WEOkftWNs,1,UCJjV2CHB58Xerdqbwyka7QA,20190529,Sayali Tank
Chord Switching Exercises | How to Switch Chords | Sayali Tank,,,,,,,0,FK6FywDy0eI,1,UCJjV2CHB58Xerdqbwyka7QA,20190608,Sayali Tank
What size ukulele I have? Life update?,,,,,,,0,ya1d4XR0JRE,1,UCJjV2CHB58Xerdqbwyka7QA,20190619,Sayali Tank
Importance Of Posture While Playing An Instrument | BollyUke (HINDI),,,,,,,0,VFbnftSTfN0,1,UCXNmFZc8m5w0tQbpMs6rGyA,20190621,BollyUke - Bollywood Ukulele Tutorials
Top 7 Reasons Why Beginners Quit Ukulele,,,,,,,0,MbOtdhTRoPM,1,UCJjV2CHB58Xerdqbwyka7QA,20190626,Sayali Tank
Introducting #21daysofukechords challenge Video series | Sayali Tank,,,,,,,0,EjE4ZJC5z9Q,1,UCJjV2CHB58Xerdqbwyka7QA,20190630,Sayali Tank
How to play C chord on Ukulele | #21daysofukechords,,,,,,,0,otNUifUCuHE,1,UCJjV2CHB58Xerdqbwyka7QA,20190701,Sayali Tank
How to Play Cm Chord on Ukulele | Sayali Tank,,,,,,,0,cTm1CINhCbY,1,UCJjV2CHB58Xerdqbwyka7QA,20190702,Sayali Tank
How to play C7 chord on Ukulele | #21daysofukechords,,,,,,,0,L49CpvtfMnE,1,UCJjV2CHB58Xerdqbwyka7QA,20190703,Sayali Tank
How to play D chord on Ukulele | #21daysofukechords,,,,,,,0,4lSd2vFcDMM,1,UCJjV2CHB58Xerdqbwyka7QA,20190704,Sayali Tank
How to Play Dm chord on Ukulele | #21daysofukechords,,,,,,,0,gtMezncx_fM,1,UCJjV2CHB58Xerdqbwyka7QA,20190705,Sayali Tank
How to play D7 chord on Ukulele | Sayali Tank,,,,,,,0,0DZXmjIGmkM,1,UCJjV2CHB58Xerdqbwyka7QA,20190706,Sayali Tank
How to play E chord on Ukulele | #21daysofukechords,,,,,,,0,hja0S39_0vo,1,UCJjV2CHB58Xerdqbwyka7QA,20190707,Sayali Tank
How to Play Em chord on Ukulele | #21daysofukechords,,,,,,,0,SY1A3KDzbIY,1,UCJjV2CHB58Xerdqbwyka7QA,20190708,Sayali Tank
How to play E7 chord on Ukulele | #21daysofukechords,,,,,,,0,0ADzt1NT8ww,1,UCJjV2CHB58Xerdqbwyka7QA,20190709,Sayali Tank
How to play F chord on Ukulele | #21daysofukechords,,,,,,,0,_O2dvb49n5o,1,UCJjV2CHB58Xerdqbwyka7QA,20190710,Sayali Tank
How to Play Fm chord on Ukulele | #21daysofukechords,,,,,,,0,gTPpRet7QG8,1,UCJjV2CHB58Xerdqbwyka7QA,20190711,Sayali Tank
How to Play F7 chord on Ukulele | #21daysofukechords,,,,,,,0,8D9CMK6GYB0,1,UCJjV2CHB58Xerdqbwyka7QA,20190712,Sayali Tank
How to play G chord on Ukulele| #21daysohukechords,,,,,,,0,eFHhaWg7bpE,1,UCJjV2CHB58Xerdqbwyka7QA,20190713,Sayali Tank
How to play Gm chord on Ukulele | #21daysohukechords,,,,,,,0,5I4hcZ46ysw,1,UCJjV2CHB58Xerdqbwyka7QA,20190714,Sayali Tank
How to play G7 chord on Ukulele | #21daysofukechords,,,,,,,0,sjciJZzzcCA,1,UCJjV2CHB58Xerdqbwyka7QA,20190715,Sayali Tank
How to play A chord on Ukulele | #21daysofukechords,,,,,,,0,rZeb1C2YRXo,1,UCJjV2CHB58Xerdqbwyka7QA,20190716,Sayali Tank
How to play Am chord on Ukulele | #21daysofukechords,,,,,,,0,ftqbCbrWWD0,1,UCJjV2CHB58Xerdqbwyka7QA,20190717,Sayali Tank
How to play A7 chord on Ukulele | #21daysofukechords,,,,,,,0,Tfoo_17AA7w,1,UCJjV2CHB58Xerdqbwyka7QA,20190718,Sayali Tank
How to play B chord on Ukulele | #21daysofukechords,,,,,,,0,sLEhGx6ixMM,1,UCJjV2CHB58Xerdqbwyka7QA,20190719,Sayali Tank
How to play Bm chord on Ukulele | #21daysofukechords,,,,,,,0,Hx9LchVMXWc,1,UCJjV2CHB58Xerdqbwyka7QA,20190720,Sayali Tank
How to play B7 chord on Ukulele | #21daysofukechords,,,,,,,0,LAJwjgwq6pQ,1,UCJjV2CHB58Xerdqbwyka7QA,20190721,Sayali Tank
How to play C6 chord on Ukulele | #21daysofukechords,,,,,,,0,AlujmKgWIhY,1,UCJjV2CHB58Xerdqbwyka7QA,20190722,Sayali Tank
Fingerpicking Basics | Basic Fingerpicking exercise,,,,,,,0,gI5Qwty34fA,1,UCJjV2CHB58Xerdqbwyka7QA,20190807,Sayali Tank
How to play ukulele if you are left handed??,,,,,,,0,iJFN7ZwzOBc,1,UCJjV2CHB58Xerdqbwyka7QA,20190816,Sayali Tank
Got A Surprise Package From Bajaao | BollyUke | Unboxing,,,,,,,0,dScdKSZQbi4,1,UCXNmFZc8m5w0tQbpMs6rGyA,20190823,BollyUke - Bollywood Ukulele Tutorials
Vault UK200 Vs  Kala Makala MK-T | Detailed Comparison | BollyUke,,,,,,,0,3CM8bbyPpNc,1,UCXNmFZc8m5w0tQbpMs6rGyA,20190907,BollyUke - Bollywood Ukulele Tutorials
How to sing and play Ukulele at the same time | How to Strum a ukulele and Sing at a time,,,,,,,0,YGWGh8e2EFg,1,UCJjV2CHB58Xerdqbwyka7QA,20190921,Sayali Tank
How to pronounce Ukulele?? I am going to upload 2 videos a week?? | #Sawaalcorner,,,,,,,0,oMWYW3sjmXM,1,UCJjV2CHB58Xerdqbwyka7QA,20191012,Sayali Tank
My favourite movie?? Favourite actor?? | #Sawaalcorner | Sayali Tank,,,,,,,0,Z2tGzBhVzBI,1,UCJjV2CHB58Xerdqbwyka7QA,20191019,Sayali Tank
How To Find The Chords Of Any Song? BollyUke Cheatsheet,,,,,,,0,hsVJGvimWfQ,1,UCXNmFZc8m5w0tQbpMs6rGyA,20191022,BollyUke - Bollywood Ukulele Tutorials
Ukulele Service & Maintenance | BollyUke (HINDI),,,,,,,0,njz-8bnRJLQ,1,UCXNmFZc8m5w0tQbpMs6rGyA,20191025,BollyUke - Bollywood Ukulele Tutorials
Do I have a boyfriend?? Who would I date Joey or Chandler?? | #sawaalCorner,,,,,,,0,bPwAy7AQKcE,1,UCJjV2CHB58Xerdqbwyka7QA,20191026,Sayali Tank
Youtube a career or Just a Hobby ??,,,,,,,0,7izWifJWVEw,1,UCJjV2CHB58Xerdqbwyka7QA,20191102,Sayali Tank
How to Tune your Ukulele Accurately using Digital Tunner |  Ukulele Tunning with Digital Tuner,,,,,,,0,PkZrABns6jE,1,UCJjV2CHB58Xerdqbwyka7QA,20191103,Sayali Tank
Watch this before you buy a Ukulele | Ukulele buying Guide | Things to consider??,,,,,,,0,H0oQr1LhQis,1,UCJjV2CHB58Xerdqbwyka7QA,20191106,Sayali Tank
Watching Cricket?? Long Distance Relationship Tips?#sawaalcorner | Sayalitank,,,,,,,0,Arx8zjWyQr4,1,UCJjV2CHB58Xerdqbwyka7QA,20191109,Sayali Tank
Standup comedy?? Cartoons??| #SawaalCorner | Sayali Tank,,,,,,,0,lD1dF90x8xI,1,UCJjV2CHB58Xerdqbwyka7QA,20191116,Sayali Tank
Ukulele Review and Comparision Of Kala Mk-T and Kadence Soprano Ukulele | Sayali Tank,,,,,,,0,Rlet5youfa4,1,UCJjV2CHB58Xerdqbwyka7QA,20191120,Sayali Tank
Fingerpicking?? Books?? | #Sawaalcorner,,,,,,,0,HvBC4m17f4I,1,UCJjV2CHB58Xerdqbwyka7QA,20191123,Sayali Tank
First crush ?? Loosen up uke strings??,,,,,,,0,C6IoYr7ixYs,1,UCJjV2CHB58Xerdqbwyka7QA,20191130,Sayali Tank
Do I play Guitar?? Where did I learn Ukulele???,,,,,,,0,3qS7xXJe4lM,1,UCJjV2CHB58Xerdqbwyka7QA,20191207,Sayali Tank
Common mistakes you should avoid | Sayali Tank,,,,,,,0,fZ0W_l9RD_s,1,UCJjV2CHB58Xerdqbwyka7QA,20191213,Sayali Tank
Cleaning ukulele?? Changing strings? Million subscribers??,,,,,,,0,DwwKOssIyrM,1,UCJjV2CHB58Xerdqbwyka7QA,20191214,Sayali Tank
Classical Music exams?? Ukulele Sweetspot?,,,,,,,0,GLRZHRSLf3Y,1,UCJjV2CHB58Xerdqbwyka7QA,20191221,Sayali Tank
The Best and the worst things,,,,,,,0,fCcPN5SG7bg,1,UCJjV2CHB58Xerdqbwyka7QA,20191228,Sayali Tank
Will I ever do a Ukulele Giveaway??,,,,,,,0,PnQvwxu8Fw0,1,UCJjV2CHB58Xerdqbwyka7QA,20200104,Sayali Tank
Fingerstyle?? Fun facts??,,,,,,,0,61ypyJd2JLc,1,UCJjV2CHB58Xerdqbwyka7QA,20200111,Sayali Tank
What is an equalizer?? Why do we use it??,,,,,,,0,SFs1FZTSL7I,1,UCJjV2CHB58Xerdqbwyka7QA,20200118,Sayali Tank
Is it possible to learn uke on your own??,,,,,,,0,4TEZBske0dE,1,UCJjV2CHB58Xerdqbwyka7QA,20200125,Sayali Tank
How to sing in a scale,,,,,,,0,cwd-tPcJoZ4,1,UCJjV2CHB58Xerdqbwyka7QA,20200201,Sayali Tank
How to improve singing skills,,,,,,,0,BjRSkF6f4mc,1,UCJjV2CHB58Xerdqbwyka7QA,20200208,Sayali Tank
Where did I learn ukulele??,,,,,,,0,tC8lYaFhuyE,1,UCJjV2CHB58Xerdqbwyka7QA,20200222,Sayali Tank
How much time it takes to learn Ukulele,,,,,,,0,teG6AUwVoZ8,1,UCJjV2CHB58Xerdqbwyka7QA,20200229,Sayali Tank
Kala KA-15S-S Satin Spruce Soprano Ukulele Review,,,,,,,0,0SgE1ifsn4g,1,UCJjV2CHB58Xerdqbwyka7QA,20200303,Sayali Tank
Playing Ukulele Blindfolded??,,,,,,,0,fbGqThdU6rU,1,UCJjV2CHB58Xerdqbwyka7QA,20200307,Sayali Tank
Tenor Ukulele Strings Review | Vault Tenor Ukulele Review | To buy or not to buy??,,,,,,,0,ixpPo0ag1tM,1,UCJjV2CHB58Xerdqbwyka7QA,20200309,Sayali Tank
Best advice?? | #sawaalcorner,,,,,,,0,OCS4rDwdpec,1,UCJjV2CHB58Xerdqbwyka7QA,20200314,Sayali Tank
Finger Warmup Exercise | BollyUke Live (HINDI),,,,,,,0,UuLqzCbseCY,1,UCXNmFZc8m5w0tQbpMs6rGyA,20200316,BollyUke - Bollywood Ukulele Tutorials
"How to Change Uke Strings?? How to Clean,Maintain & take care of Uke? Tips for Ukulele Maintenance",,,,,,,0,_v9iIVpF-IE,1,UCJjV2CHB58Xerdqbwyka7QA,20200316,Sayali Tank
Chord Strumming Exercise 1 | BollyUke Live,,,,,,,0,OEkdgYWaIGg,1,UCXNmFZc8m5w0tQbpMs6rGyA,20200317,BollyUke - Bollywood Ukulele Tutorials
Chord Strumming Exercise 2 | BollyUke Live,,,,,,,0,2WgUf76NSpc,1,UCXNmFZc8m5w0tQbpMs6rGyA,20200318,BollyUke - Bollywood Ukulele Tutorials
Popular Strumming Patterns (Part 1) | BollyUke Live,,,,,,,0,dIAiQFsp6po,1,UCXNmFZc8m5w0tQbpMs6rGyA,20200319,BollyUke - Bollywood Ukulele Tutorials
Popular Strumming Patterns (Part 2) | BollyUke Live,,,,,,,0,HII03AjHpVU,1,UCXNmFZc8m5w0tQbpMs6rGyA,20200320,BollyUke - Bollywood Ukulele Tutorials
Introduction To Barre Chords | BollyUke Live,,,,,,,0,__0uOb_A6-s,1,UCXNmFZc8m5w0tQbpMs6rGyA,20200321,BollyUke - Bollywood Ukulele Tutorials
What is capo?? #Sawaalcorner,,,,,,,0,q5ajedqada8,1,UCJjV2CHB58Xerdqbwyka7QA,20200321,Sayali Tank
What size ukulele should I buy?? Best size Ukulele??,,,,,,,0,Og0LVr9NNYA,1,UCJjV2CHB58Xerdqbwyka7QA,20200323,Sayali Tank
What things to consider while buying Ukulele??,,,,,,,0,BEfntRSmGTs,1,UCJjV2CHB58Xerdqbwyka7QA,20200324,Sayali Tank
Reliable Brands? Which Brand Ukulele should I buy?,,,,,,,0,DrxICCZzBso,1,UCJjV2CHB58Xerdqbwyka7QA,20200326,Sayali Tank
Why wood type matters? Why ukulele material matters a lot?,,,,,,,0,N4Qj2aoGb-o,1,UCJjV2CHB58Xerdqbwyka7QA,20200326,Sayali Tank
Broken Ukulele??  Birthday?? + Ukulele Give away Announcement,,,,,,,0,M-v6aWZlfqI,1,UCJjV2CHB58Xerdqbwyka7QA,20200328,Sayali Tank
How to chuck on Ukulele? | Chucking? Chunking? Choking? | Instructional Guide on Chucking on Ukulele,,,,,,,0,obJnEnzlzr0,1,UCJjV2CHB58Xerdqbwyka7QA,20200330,Sayali Tank
Funny Incident ?? Ukulele or guitar??,,,,,,,0,NFhrzPSRZOA,1,UCJjV2CHB58Xerdqbwyka7QA,20200404,Sayali Tank
How to do Quality check of Ukulele after buying it? + Kala Concert Ukulele Review,,,,,,,0,mRaRJh4EVxQ,1,UCJjV2CHB58Xerdqbwyka7QA,20200406,Sayali Tank
My Ukulele Collection.!!,,,,,,,0,Jk05A_wcuLU,1,UCJjV2CHB58Xerdqbwyka7QA,20200411,Sayali Tank
Fingerpicking For Beginners | Easy Ukulele Tutorial,,,,,,,0,oLsT3hOHsug,1,UCXNmFZc8m5w0tQbpMs6rGyA,20200411,BollyUke - Bollywood Ukulele Tutorials
High G & Low G Ukulele Strings | Popular Brands | How To Change Strings? BollyUke,,,,,,,0,2EOKP1Dex6k,1,UCXNmFZc8m5w0tQbpMs6rGyA,20200412,BollyUke - Bollywood Ukulele Tutorials
Trinity Concert Ukulele with Equalizer Review,,,,,,,0,dlnXHiuG510,1,UCJjV2CHB58Xerdqbwyka7QA,20200413,Sayali Tank
What do I do apart from youtube,,,,,,,0,APk5cH0p9sA,1,UCJjV2CHB58Xerdqbwyka7QA,20200418,Sayali Tank
Become A Superstar | BollyUke Youtube Channel Membership,,,,,,,0,pYrELIuQDl0,1,UCXNmFZc8m5w0tQbpMs6rGyA,20200418,BollyUke - Bollywood Ukulele Tutorials
Bella Ciao Ukulele Cover,,,,,,,0,D52nNq_6VZQ,1,UCJjV2CHB58Xerdqbwyka7QA,20200421,Sayali Tank
What steps should I follow to learn Ukulele?? In what order I should learn Ukulele??,,,,,,,0,JryuEjYHbfE,1,UCJjV2CHB58Xerdqbwyka7QA,20200425,Sayali Tank
Painting Ukulele?? Practicing Chord Progressions??,,,,,,,0,xxR0q-om3Iw,1,UCJjV2CHB58Xerdqbwyka7QA,20200502,Sayali Tank
City LIfe Ukulele Cover,,,,,,,0,FUgyt75hOgw,1,UCJjV2CHB58Xerdqbwyka7QA,20200504,Sayali Tank
Major Lazer - Lay Your Head On Me (Cover),,,,,,,0,cphIcLOBwT4,1,UCJjV2CHB58Xerdqbwyka7QA,20200505,Sayali Tank
Fender Play | Ukulele App Review (HINDI),,,,,,,0,oqUyqC0r_xs,1,UCXNmFZc8m5w0tQbpMs6rGyA,20200505,BollyUke - Bollywood Ukulele Tutorials
Which ukulele is perfect?? Food item that I can eat everyday week??,,,,,,,0,O2LsK78eNvM,1,UCJjV2CHB58Xerdqbwyka7QA,20200509,Sayali Tank
Bella Ciao Fingerstyle Chord Melody Cover,,,,,,,0,ho2Gx5Hu4CU,1,UCJjV2CHB58Xerdqbwyka7QA,20200511,Sayali Tank
Online Classes?? Am I fan of Mostlysane??,,,,,,,0,mC8xZvIrLqo,1,UCJjV2CHB58Xerdqbwyka7QA,20200516,Sayali Tank
BollyUke Online 1-1 Ukulele Lessons,,,,,,,0,_AhCwAz6PZs,1,UCXNmFZc8m5w0tQbpMs6rGyA,20200521,BollyUke - Bollywood Ukulele Tutorials
Which Ukulele Should I buy? Same chords on all Ukuleles? Guitar capo on Ukulele Capo?,,,,,,,0,F-2kqxtAuvU,1,UCJjV2CHB58Xerdqbwyka7QA,20200523,Sayali Tank
Top Ukulele Brands | 2020 | India | BollyUke,,,,,,,0,gaUytZCYozQ,1,UCXNmFZc8m5w0tQbpMs6rGyA,20200525,BollyUke - Bollywood Ukulele Tutorials
Correct pronounciation of ukulele??,,,,,,,0,v2ZLvmQT5RY,1,UCJjV2CHB58Xerdqbwyka7QA,20200530,Sayali Tank
BollyUke Online 1:1 Classes | Student Spotlight | Debroop Dasgupta,,,,,,,0,OJdmWkf9Oi4,1,UCXNmFZc8m5w0tQbpMs6rGyA,20200602,BollyUke - Bollywood Ukulele Tutorials
Barr chords? Quality strings??,,,,,,,0,mY3U4I1820o,1,UCJjV2CHB58Xerdqbwyka7QA,20200606,Sayali Tank
Tiktok Vs Youtube?? Tunning Problem ? Singing problem?,,,,,,,0,1kWQLJh5jYQ,1,UCJjV2CHB58Xerdqbwyka7QA,20200613,Sayali Tank
Its not okay. Lets be kind to one another.,,,,,,,0,ev2GdF2Vxa4,1,UCJjV2CHB58Xerdqbwyka7QA,20200615,Sayali Tank
Pro at ukulele by learning online??,,,,,,,0,nRl5F0Ju_RY,1,UCJjV2CHB58Xerdqbwyka7QA,20200620,Sayali Tank
Happy Father's Day | BollyUke Live | 21.06.2020 | 8pm - 8:40pm IST,,,,,,,0,1u21ZB09ri0,1,UCXNmFZc8m5w0tQbpMs6rGyA,20200621,BollyUke - Bollywood Ukulele Tutorials
What are the names of My Ukuleles?,,,,,,,0,9ME8ThsjSZw,1,UCJjV2CHB58Xerdqbwyka7QA,20200627,Sayali Tank
Open Chords Practise | Easy Ukulele Tutorial | BollyUke,Open Chords Practise,,,,,,0,S_144TrbxFs,1,UCXNmFZc8m5w0tQbpMs6rGyA,20200703,BollyUke - Bollywood Ukulele Tutorials
How to buy Ukulele? Tips and Tricks? What do I do while buying Ukulele??,,,,,,,0,bxGf0oEjyok,1,UCJjV2CHB58Xerdqbwyka7QA,20200703,Sayali Tank
Will Ukuleles be available post lockdown??,,,,,,,0,dkPfn10iPns,1,UCJjV2CHB58Xerdqbwyka7QA,20200704,Sayali Tank
How To Practise With A Metronome | Easy Ukulele Tutorial,,,,,,,0,CUN2jaJ11mk,1,UCXNmFZc8m5w0tQbpMs6rGyA,20200711,BollyUke - Bollywood Ukulele Tutorials
Suck at singing?? Strings Buzzing??,,,,,,,0,e12uJbWTJUI,1,UCJjV2CHB58Xerdqbwyka7QA,20200711,Sayali Tank
Sufi Medley | Only 3 Chords | Easy Ukulele Tutorial,,,,,,,0,CNjvRAw9TJ4,1,UCXNmFZc8m5w0tQbpMs6rGyA,20200715,BollyUke - Bollywood Ukulele Tutorials
5 cr ki lottery??? What kind of character I would like to play in a movie?,,,,,,,0,i0o1tYvWQm0,1,UCJjV2CHB58Xerdqbwyka7QA,20200718,Sayali Tank
What happened to my Tenor Ukulele?? How to progress with Ukulele??,,,,,,,0,jTyrRYd69Yg,1,UCJjV2CHB58Xerdqbwyka7QA,20200725,Sayali Tank
How to hydrate ukulele ?? How much time I riyaaj ??,,,,,,,0,bQDlZyX7y-8,1,UCJjV2CHB58Xerdqbwyka7QA,20200801,Sayali Tank
Sanetizing Ukulele?? How to  start with ukulele?,,,,,,,0,ebhgyjgfQtw,1,UCJjV2CHB58Xerdqbwyka7QA,20200808,Sayali Tank
Useless talent I have?? Do I believe in Aliens?,,,,,,,0,zPUT-S_lM94,1,UCJjV2CHB58Xerdqbwyka7QA,20200815,Sayali Tank
How to repair Broken/Damaged Ukulele? Fixing Broken Ukulele Bridge? Broken Ukulele Nut?,,,,,,,0,TCRqmUxEyPo,1,UCJjV2CHB58Xerdqbwyka7QA,20200818,Sayali Tank
Chuck The Uke | Practise With This Video | Easy Ukulele Tutorial,Chuck The Uke,Practise With This Video,,,,,0,WIP_2fvjBO8,1,UCXNmFZc8m5w0tQbpMs6rGyA,20200821,BollyUke - Bollywood Ukulele Tutorials
Different strumming sounds? Different Ways of Tunning Ukulele??,,,,,,,0,bHMo4cKjFsg,1,UCJjV2CHB58Xerdqbwyka7QA,20200822,Sayali Tank
How to find strumming pattern?? Finger aching??,,,,,,,0,8L_0MikydA8,1,UCJjV2CHB58Xerdqbwyka7QA,20200829,Sayali Tank
Epic Barre Chord ProgressionðŸ”¥| Practise With This Video | BollyUke,,,,,,,0,_eKTnmlPvPo,1,UCXNmFZc8m5w0tQbpMs6rGyA,20200902,BollyUke - Bollywood Ukulele Tutorials
Should I play Ukulele if I cant sing??,,,,,,,0,ChnREpHgLis,1,UCJjV2CHB58Xerdqbwyka7QA,20200905,Sayali Tank
BollyUke Q&A | Ask Me Anything | 6th Sepâ€™2020,,,,,,,0,NdCDTpuN5u0,1,UCXNmFZc8m5w0tQbpMs6rGyA,20200906,BollyUke - Bollywood Ukulele Tutorials
How to find chords to any song?,,,,,,,0,olpazQvWJ8U,1,UCJjV2CHB58Xerdqbwyka7QA,20200912,Sayali Tank
Quality strings for Uke?? What makes you U??,,,,,,,0,fwnPPOkLreQ,1,UCJjV2CHB58Xerdqbwyka7QA,20200919,Sayali Tank
Why we use capo? Is it necessary to use capo?,,,,,,,0,lYSZzgfejww,1,UCJjV2CHB58Xerdqbwyka7QA,20200926,Sayali Tank
Is mobile app effective for tuning?  When to change the strings?,,,,,,,0,SDcOjRIBtQs,1,UCJjV2CHB58Xerdqbwyka7QA,20201003,Sayali Tank
How to feel confident while performing in front of others,,,,,,,0,tIO7qtHI-o0,1,UCJjV2CHB58Xerdqbwyka7QA,20201010,Sayali Tank
How to maintain Ukulele? What are tabs?,,,,,,,0,p52aZ4sYoEs,1,UCJjV2CHB58Xerdqbwyka7QA,20201017,Sayali Tank
Steps to learn Ukulele. Feeling lost?,,,,,,,0,GlEuH0lj_L8,1,UCJjV2CHB58Xerdqbwyka7QA,20201024,Sayali Tank
Exciting Announcement.! Should I use Plectrum on Ukulele? Solution for sweaty hands?,,,,,,,0,05zKd6o1zlE,1,UCJjV2CHB58Xerdqbwyka7QA,20201031,Sayali Tank
Budget Ukulele UnboxingðŸ”¥â‚¹1999 Juarez Concert | BollyUke,,,,,,,0,WATWROjGMjk,1,UCXNmFZc8m5w0tQbpMs6rGyA,20201031,BollyUke - Bollywood Ukulele Tutorials
ðŸ”¥ Bumper Diwali Ukulele Giveaway | BollyUke,,,,,,,0,aKcgn8xWViY,1,UCXNmFZc8m5w0tQbpMs6rGyA,20201102,BollyUke - Bollywood Ukulele Tutorials
Am I giving Trinity Exams? Podcast details??,,,,,,,0,QOdPM-Wr7Cg,1,UCJjV2CHB58Xerdqbwyka7QA,20201107,Sayali Tank
Intermediate Strumming On Ukulele | BollyUke | Youtube Short,,,,,,,0,N9JqnrluwH0,1,UCXNmFZc8m5w0tQbpMs6rGyA,20201114,BollyUke - Bollywood Ukulele Tutorials
Maintaining Strumming Tempo? Buzzing Ukulele??,,,,,,,0,QaiQU4ulHmM,1,UCJjV2CHB58Xerdqbwyka7QA,20201114,Sayali Tank
Spider web In uke? What to do?,,,,,,,0,T4sADPnBTnA,1,UCJjV2CHB58Xerdqbwyka7QA,20201121,Sayali Tank
Buzzing Strings? What to do?,,,,,,,0,V9maRn50YHw,1,UCJjV2CHB58Xerdqbwyka7QA,20201128,Sayali Tank
Ukulele Drills (Warm up Exercises) to do everyday,,,,,,,0,4K-xYqSr28Q,1,UCJjV2CHB58Xerdqbwyka7QA,20201202,Sayali Tank
Swollen Wood?? Journaling?,,,,,,,0,wV3D-Jy49uk,1,UCJjV2CHB58Xerdqbwyka7QA,20201205,Sayali Tank
Learn To Play Happy Birthday On The Ukulele | With TABS,,,,,,,0,rquZiMmq4AA,1,UCXNmFZc8m5w0tQbpMs6rGyA,20201211,BollyUke - Bollywood Ukulele Tutorials
Same chords in different ways? Singing tips?,,,,,,,0,Np8zCq0g5I0,1,UCJjV2CHB58Xerdqbwyka7QA,20201212,Sayali Tank
Learn To Play Amazing Grace On The Ukulele | With TABS,,,,,,,0,lY_SyEb2an4,1,UCXNmFZc8m5w0tQbpMs6rGyA,20201216,BollyUke - Bollywood Ukulele Tutorials
Ukulele Vs maa k hath ka khana??,,,,,,,0,Jxugt7mqS6c,1,UCJjV2CHB58Xerdqbwyka7QA,20201219,Sayali Tank
Lucky Ali Medley | Only 4-5 Chords | Easy Ukulele Tutorial,,,,,,,0,HKzzClDG7a4,1,UCXNmFZc8m5w0tQbpMs6rGyA,20201223,BollyUke - Bollywood Ukulele Tutorials
What Equipment to use for Videos and covers? Tools for editing and more....,,,,,,,0,ADq8v21JcZw,1,UCJjV2CHB58Xerdqbwyka7QA,20201226,Sayali Tank
Warm Up | 1 min Ukulele Lesson For Beginners,,,,,,,0,sONLH2ranak,1,UCXNmFZc8m5w0tQbpMs6rGyA,20210101,BollyUke - Bollywood Ukulele Tutorials
Reading TABs | 1min Ukulele Lesson For Beginners,,,,,,,0,FXmECykiVpM,1,UCXNmFZc8m5w0tQbpMs6rGyA,20210102,BollyUke - Bollywood Ukulele Tutorials
Silver play button? New year Resolutions? Ukulele Action?,,,,,,,0,gdniVTR7u0c,1,UCJjV2CHB58Xerdqbwyka7QA,20210102,Sayali Tank
"Strumming Chords | D, G, Bm & A | 1 min Ukulele Lesson For Beginners",,,,,,,0,0qesqeO-bAk,1,UCXNmFZc8m5w0tQbpMs6rGyA,20210103,BollyUke - Bollywood Ukulele Tutorials
"Strumming Chords | F, Bb, C7 & Dm | 1 min Ukulele Lesson For Beginners",,,,,,,0,SaluFp-LCrs,1,UCXNmFZc8m5w0tQbpMs6rGyA,20210103,BollyUke - Bollywood Ukulele Tutorials
"Strumming Chords | C, F, G, Am | 1 min Ukulele Lesson For Beginners",,,,,,,0,iLYvF0PINn4,1,UCXNmFZc8m5w0tQbpMs6rGyA,20210103,BollyUke - Bollywood Ukulele Tutorials
"Strumming Chords | A, F#m, D & E7 | 1min Ukulele Lesson For Beginners",,,,,,,0,4qJDs1yXSNU,1,UCXNmFZc8m5w0tQbpMs6rGyA,20210104,BollyUke - Bollywood Ukulele Tutorials
"Strumming Chords G, C, Em & D7 | 1min Ukulele Lesson For Beginners",,,,,,,0,awbfCmNNt3I,1,UCXNmFZc8m5w0tQbpMs6rGyA,20210104,BollyUke - Bollywood Ukulele Tutorials
Ode To Joy | 1min Ukulele Lesson For Beginners,,,,,,,0,OtLtBjw3HlE,1,UCXNmFZc8m5w0tQbpMs6rGyA,20210107,BollyUke - Bollywood Ukulele Tutorials
O Susanna | 1min Ukulele Lesson For Beginners,,,,,,,0,MOssnpiTlOE,1,UCXNmFZc8m5w0tQbpMs6rGyA,20210108,BollyUke - Bollywood Ukulele Tutorials
Live Sawaal Corner & Unboxing Silver Play Button,,,,,,,0,nORDXvOY9bQ,1,UCJjV2CHB58Xerdqbwyka7QA,20210109,Sayali Tank
This Old Man | 1min Ukulele Lesson For Beginners,,,,,,,0,naUqYGb2kqs,1,UCXNmFZc8m5w0tQbpMs6rGyA,20210110,BollyUke - Bollywood Ukulele Tutorials
How to find scale of any song?,,,,,,,0,kYk4nZDet-k,1,UCJjV2CHB58Xerdqbwyka7QA,20210116,Sayali Tank
Chord progressions to write your own songs? #Swaalcorner,,,,,,,0,qTMk69acNl8,1,UCJjV2CHB58Xerdqbwyka7QA,20210123,Sayali Tank
Finding Vocal Range? When to change the strings?,,,,,,,0,AZRooide8DU,1,UCJjV2CHB58Xerdqbwyka7QA,20210130,Sayali Tank
Top Ukulele Brands | 2021 | India | BollyUke,,,,,,,0,fyUcDXLBIq8,1,UCXNmFZc8m5w0tQbpMs6rGyA,20210130,BollyUke - Bollywood Ukulele Tutorials
1 chord 13 songs on Ukulele | Mashup Tutorial,,,,,,,0,eYbLlzteGQc,1,UCJjV2CHB58Xerdqbwyka7QA,20210203,Sayali Tank
Gulzar Medley | Easy Ukulele Tutorial,,,,,,,0,CvCtZB5AxdA,1,UCXNmFZc8m5w0tQbpMs6rGyA,20210205,BollyUke - Bollywood Ukulele Tutorials
Ukulele as a career in India?,,,,,,,0,ck8YytHHpR8,1,UCJjV2CHB58Xerdqbwyka7QA,20210206,Sayali Tank
Where to learn Music Theory? What Uke Should I buy? #SawaalCorner,,,,,,,0,z037fRIo9EI,1,UCJjV2CHB58Xerdqbwyka7QA,20210213,Sayali Tank
How to Clean your Ukulele? #sawaalcorner,,,,,,,0,tePsTogfzy0,1,UCJjV2CHB58Xerdqbwyka7QA,20210220,Sayali Tank
Maggi Tune | Easy Ukulele Tutorial with TABs,Maggi Tune,,,,,,0,2ITQ6oXBr0E,1,UCXNmFZc8m5w0tQbpMs6rGyA,20210223,BollyUke - Bollywood Ukulele Tutorials
Am I quitting Ukulele??,,,,,,,0,js-MOEn8Ggo,1,UCJjV2CHB58Xerdqbwyka7QA,20210227,Sayali Tank
Mana Ke Hum Yaar Nahin | Parineeti Chopra | Easy Ukulele Tutorial,Mana Ke Hum Yaar Nahin,Meri Pyaari Bindu,Parineeti Chopra,Sachin Jigar,"Cmaj7,C,F,Fm7,G,G7,Am7",,1,fv72DWQU1h8,0,UCXNmFZc8m5w0tQbpMs6rGyA,20171113,BollyUke - Bollywood Ukulele Tutorials
Raat Kali Ek Khwab Mein Aayi Ukulele Tutorial with Playalong,Raat Kali Ek Khwab Mein Aayi,Buddha Mil Gaya,Kishore Kumar,R.D Burman,"Dm,C,G,F",,1,81ATGANX5_w,0,UCJjV2CHB58Xerdqbwyka7QA,20210127,Sayali Tank
Aise kyun Ukulele Tutorial | Mismatched,Aise Kyun,Mismatched,"Anurag Saikia, Raghav Chaitanya, Nikhita Gandhi",Anurag Saikia,"F,Dm,Am,C,Bb,Gm",,1,y1dEZClCf-w,0,UCJjV2CHB58Xerdqbwyka7QA,20210210,Sayali Tank
Dil Hai Chhota Sa | Only 4 Chords | Easy Ukulele Tutorial,Dil Hai Chhota Sa,Roja,Minmini,A. R. Rahman,"D,G,A,C",,1,1E-KTuipYo8,0,UCXNmFZc8m5w0tQbpMs6rGyA,20210214,BollyUke - Bollywood Ukulele Tutorials
Jab koi baat bigad jaye Ukulele Tutorial with Playalong,Jab Koi Baat Bigad Jaye,Jurm,"Kumar Sanu, Sadhna Sargam",Rajesh Roshan,"G,C,Am,Em,Bm,Dm,D",,1,sLnTu7-MA20,0,UCJjV2CHB58Xerdqbwyka7QA,20210217,Sayali Tank
Main Hun Saath Tere | Arijit Singh | Easy Ukulele Tutorial(HINDI),Main Hun Saath Tere,Shaadi Mein Zaroor Aana,Arijit Singh,Kaushik-Akash-Guddu,,,0,Ea4cPcRxdXA,0,UCXNmFZc8m5w0tQbpMs6rGyA,20171111,BollyUke - Bollywood Ukulele Tutorials
Aate Jaate | Lata Mangeshkar | Easy Ukulele Tutorial,Aate Jaate,Maine Pyar Kiya,"Lata Mangeshkar, S.P. Balasubramanium",Ram Laxman,,,0,mqkeULY36Vo,0,UCXNmFZc8m5w0tQbpMs6rGyA,20171113,BollyUke - Bollywood Ukulele Tutorials
Kahin Na Jaa | Lata Mangeshkar & Kishore Kumar | Easy Ukulele Tutorial,Kahin Na Jaa,Bade Dilwala,"Kishore Kumar, Lata Mangeshkar",R.D.Burman,,,0,qxQtml9O1io,0,UCXNmFZc8m5w0tQbpMs6rGyA,20171113,BollyUke - Bollywood Ukulele Tutorials
Main Phir Bhi Tumko Chahunga | Arijit Singh | Easy Ukulele Tutorial,Main Phir Bhi Tumko Chahunga,Aashiqui 2,Arijit Singh,Mithoon,,,0,B-PR_haYw_w,0,UCXNmFZc8m5w0tQbpMs6rGyA,20171113,BollyUke - Bollywood Ukulele Tutorials
Raat Baaki | Asha Bhosle | Easy Ukulele Tutorial,Raat Baaki,Namak Halal,"Asha Bhosle, Bappi Lahiri",Bappi Lahiri,,,0,mi53jNomh5Y,0,UCXNmFZc8m5w0tQbpMs6rGyA,20171118,BollyUke - Bollywood Ukulele Tutorials
Yeh Nayan Dare Dare | Hemant Kumar | Easy Ukulele Tutorial,Yeh Nayan Dare Dare,Kohra,Hemant Kumar,Hemant Kumar,,,0,YCgWj3Ua6Bg,0,UCXNmFZc8m5w0tQbpMs6rGyA,20171121,BollyUke - Bollywood Ukulele Tutorials
Mere Rashke Qamar | Nusrat & Rahat Fateh Ali Khan | Easy Ukulele Tutorial,Mere Rashke Qamar,Badshaho,"Nusrat, Rahat Fateh Ali Khan",Tanishk Bagchi,,,0,YMDtel7r134,0,UCXNmFZc8m5w0tQbpMs6rGyA,20171122,BollyUke - Bollywood Ukulele Tutorials
Tu Hi Re | A.R.Rahman | Easy Ukulele Tutorial,Tu Hi Re,Bombay,"Hariharan, Kavita Krishnamurthy",A.R.Rahman,,,0,lL8sjpYL3fU,0,UCXNmFZc8m5w0tQbpMs6rGyA,20171128,BollyUke - Bollywood Ukulele Tutorials
Tera Mujhse Hai Pehle | Kishore Kumar | Easy Ukulele Tutorial,Tera Mujhse Hai Pehle,Aa Gale Lag Ja,Kishore Kumar,R.D.Burman,,,0,mlQAGAV-q5M,0,UCXNmFZc8m5w0tQbpMs6rGyA,20171208,BollyUke - Bollywood Ukulele Tutorials
Dil Diyan Gallan | Atif Aslam | Easy Ukulele Tutorial,Dil Diyan Gallan,Tiger Zinda Hai,Atif Aslam,Vishal-Shekhar,,,0,jZ-I24GLo4w,0,UCXNmFZc8m5w0tQbpMs6rGyA,20171213,BollyUke - Bollywood Ukulele Tutorials
Shaam | Amit Trivedi | Easy Ukulele Tutorial,Shaam,Aisha,Amit Trivedi,Amit Trivedi,,,0,OqpprNxfLF4,0,UCXNmFZc8m5w0tQbpMs6rGyA,20171219,BollyUke - Bollywood Ukulele Tutorials
Aaj Se Teri | Padman | Arijit Singh | Easy Ukulele Tutorial,Aaj Se Teri,Padman,Arijit Singh,Amit Trivedi,,,0,fmhrw9qpRws,0,UCXNmFZc8m5w0tQbpMs6rGyA,20171221,BollyUke - Bollywood Ukulele Tutorials
Pal | Arijit Singh | Easy Ukulele Tutorial,Pal,Monsoon Shootout,Arijit Singh,Rochak Kohli,,,0,cGxs35kwag8,0,UCXNmFZc8m5w0tQbpMs6rGyA,20171222,BollyUke - Bollywood Ukulele Tutorials
Tumne Mujhe Dekha | Mohd Rafi | Easy Ukulele Tutorial,Tumne Mujhe Dekha,Teesri Manzil,Mohd.Rafi,R.D.Burman,,,0,R3-2mkW871c,0,UCXNmFZc8m5w0tQbpMs6rGyA,20171224,BollyUke - Bollywood Ukulele Tutorials
Ek Din Aap Yun | Kumar Sanu & Alka Yagnik | Easy Ukulele Tutorial,Ek Din Aap Yun,Yes Boss,"Kumar Sanu, Alka Yagnik",Jatin- Lalit,,,0,aefU8m6stmI,0,UCXNmFZc8m5w0tQbpMs6rGyA,20180109,BollyUke - Bollywood Ukulele Tutorials
Nazm Nazm | Bareilly Ki Barfi | Easy Ukulele Tutorial,Nazm Nazm,Bareilly Ki Barfi,Arko,Arko,,,0,BOrGEN4lJFk,0,UCXNmFZc8m5w0tQbpMs6rGyA,20180118,BollyUke - Bollywood Ukulele Tutorials
Vande Mataram | Easy Ukulele Tutorial,Vande Mataram,,,Rabindranath Tagore,,,0,hswHt8OrUZU,0,UCXNmFZc8m5w0tQbpMs6rGyA,20180123,BollyUke - Bollywood Ukulele Tutorials
"Jab Koi Baat | Atif Aslam, Shirley Setia | Easy Ukulele Tutorial",Jab Koi Baat,Jurm,"Sadhana Sargam, Kumar Sanu",Rajesh Roshan,,,0,YDMqwt6kwF4,0,UCXNmFZc8m5w0tQbpMs6rGyA,20180207,BollyUke - Bollywood Ukulele Tutorials
Ghar | Jab Harry Met Sejal | Easy Ukulele Tutorial with Lyrics,Ghar,Jab Harry Met Sejal,"Nikhita Gandhi, Mohit Chauhan",Pritam,,,0,7lofYRSj2KQ,0,UCXNmFZc8m5w0tQbpMs6rGyA,20180212,BollyUke - Bollywood Ukulele Tutorials
Sanu Ek Pal Chain | Raid | Easy Ukulele Tutorial with Lyrics,Sanu Ek Pal Chain,Raid,Rahat Fateh Ali Khan,,,,0,pn3dJjDfbuo,0,UCXNmFZc8m5w0tQbpMs6rGyA,20180216,BollyUke - Bollywood Ukulele Tutorials
Surmayee Ankhiyon Mein | R.I.P. Sridevi | Easy Ukulele Tutorial,Surmayee Ankhiyon Mein,Sadmaa,Yesudas,Ilayaraaja,,,0,8gQMdsqy6sY,0,UCXNmFZc8m5w0tQbpMs6rGyA,20180226,BollyUke - Bollywood Ukulele Tutorials
Meri Khamoshi Hai | Pari | Easy Ukulele Tutorial with Lyrics,Meri Khamoshi Hai,Pari,Ishan Mitra,Anupam Roy,,,0,9bgaYg1z06U,0,UCXNmFZc8m5w0tQbpMs6rGyA,20180308,BollyUke - Bollywood Ukulele Tutorials
Pal Pal Dil Ke Paas | Kishore Kumar | Easy Ukulele Tutorial,Pal Pal Dil Ke Paas,Blackmail,Kishore Kumar,Kalayanji Anandji,,,0,dx3ShFbDfvc,0,UCXNmFZc8m5w0tQbpMs6rGyA,20180318,BollyUke - Bollywood Ukulele Tutorials
How To Chuck The Ukulele ? Easy Ukulele Tutorial(HINDI),How To Chuck The Ukulele ?,,,,,,0,wBQ6ESGsYEU,0,UCXNmFZc8m5w0tQbpMs6rGyA,20180322,BollyUke - Bollywood Ukulele Tutorials
Ek Pyaar Ka Naghma Hai | Lata-Mukesh | Easy Ukulele Tutorial,Ek Pyaar Ka Naghma Hai,Shor,"Mukesh, Lata",Laxmikant Pyarelal,,,0,ogLIyXBpcsA,0,UCXNmFZc8m5w0tQbpMs6rGyA,20180331,BollyUke - Bollywood Ukulele Tutorials
O Saathi | Atif Aslam | Baaghi 2 | Easy Ukulele Tutorial,O Saathi,Baaghi 2,Atif Aslam,Arko,,,0,ZuNSQbkqq38,0,UCXNmFZc8m5w0tQbpMs6rGyA,20180418,BollyUke - Bollywood Ukulele Tutorials
Ghar Se Nikal Te Hi | Armaan Malik | Easy Ukulele Tutorial,Ghar Se Nikal Te Hi,Armaan Malik,Armaan Malik,Amaal Mallik,,,0,sDJBWqG00aY,0,UCXNmFZc8m5w0tQbpMs6rGyA,20180420,BollyUke - Bollywood Ukulele Tutorials
Tera Yaar Hoon Main | Arijit Singh | Ukulele Tutorial(HINDI),Tera Yaar Hoon Main,Arijit Singh,Arijit Singh,Rochak Kohli,,,0,PnTw3Iy8Rw8,0,UCXNmFZc8m5w0tQbpMs6rGyA,20180426,BollyUke - Bollywood Ukulele Tutorials
Waqt Ne Kiya | 102 Not Out | Amitabh Bachchan | Easy Ukulele Tutorial,Waqt Ne Kiya,102 Not Out,Amitabh Bachchan,S.D.Burman,,,0,RJJbYXsgtlQ,0,UCXNmFZc8m5w0tQbpMs6rGyA,20180505,BollyUke - Bollywood Ukulele Tutorials
Tareefan Reprise | Veere Di Wedding | Easy Ukulele Tutorial,Tareefan Reprise,Veere Di Wedding,Qaran Ft. Lisa Mishra,Qaran,,,0,vH-Wo5D2MJk,0,UCXNmFZc8m5w0tQbpMs6rGyA,20180621,BollyUke - Bollywood Ukulele Tutorials
Sawan Barse | Ft. Mohua Chakraborty | Easy Ukulele Tutorial,Sawan Barse,Dahek,"Hariharan, Sadhana Sargam",Aadesh Shrivastava,,,0,hryusQswlVI,0,UCXNmFZc8m5w0tQbpMs6rGyA,20180625,BollyUke - Bollywood Ukulele Tutorials
Dhadak | Title Track | Easy Ukulele Tutorial,Dhadak,Title Track,"Ajay Gogavale, Shreya Ghoshal",Ajay-Atul,,,0,mp4RtuGQonc,0,UCXNmFZc8m5w0tQbpMs6rGyA,20180701,BollyUke - Bollywood Ukulele Tutorials
Naino Ne Baandhi | Gold | Akshay Kumar | Easy Ukulele Tutorial,Naino Ne Baandhi,Gold,Akshay Kumar,,,,0,78VFYRbTgaU,0,UCXNmFZc8m5w0tQbpMs6rGyA,20180712,BollyUke - Bollywood Ukulele Tutorials
Bade Achche Lagte Hain | Easy Ukulele Tutorial,Bade Achche Lagte Hain,Balika Badhu,Amit Kumar,Rahul Dev Burman,,,0,k7Y9_FiUcgQ,0,UCXNmFZc8m5w0tQbpMs6rGyA,20180813,BollyUke - Bollywood Ukulele Tutorials
Dekhte Dekhte | Atif Aslam | Easy Ukulele Tutorial,Dekhte Dekhte,Batti Gul Meter Chalu,Atif Aslam,Rochak Kohli,,,0,4Oybaal1ue8,0,UCXNmFZc8m5w0tQbpMs6rGyA,20180829,BollyUke - Bollywood Ukulele Tutorials
Tere Mere Milan | Lata & Kishore | Easy Ukulele Tutorial,Tere Mere Milan,Abhimaan,"Lata Mangeshkar, Kishore Kumar, S.D. Burman, Majrooh Sultanpuri",,,,0,kbiret5oyM8,0,UCXNmFZc8m5w0tQbpMs6rGyA,20180910,BollyUke - Bollywood Ukulele Tutorials
Pal | Arijit & Shreya |Only 2 Chords | Easy Ukulele Tutorial (HINDI),Pal,Jalebi,"Arijit Singh, Shreya Ghoshal",Javed - Mohsin,,,0,TBcrxxs8DsQ,0,UCXNmFZc8m5w0tQbpMs6rGyA,20180925,BollyUke - Bollywood Ukulele Tutorials
Naina Banjaare | Pataakha | Arijit Singh | Easy Ukulele Tutorial,Naina Banjaare,Pataakha,Arijit Singh,Vishal Bhardwaj,,,0,2p_yDN4AFAc,0,UCXNmFZc8m5w0tQbpMs6rGyA,20180928,BollyUke - Bollywood Ukulele Tutorials
Chhuker Mere Mann Ko | Kishore Kumar | Easy Ukulele Tutorial,Chhuker Mere Mann Ko,Yaarana,Kishore Kumar,Rajesh Roshan,,,0,XrWsRQzX-Qw,0,UCXNmFZc8m5w0tQbpMs6rGyA,20181026,BollyUke - Bollywood Ukulele Tutorials
Chura Liya | Only 3 Chords | Easy Ukulele Tutorial,Chura Liya,Yaadon Ki Baaraat,"Mohammad Rafi, Asha Bhosle",R.D Burman,,,0,Jy42J9P1obQ,0,UCXNmFZc8m5w0tQbpMs6rGyA,20181028,BollyUke - Bollywood Ukulele Tutorials
Kahin Duur Jab | Anand | Easy Ukulele Tutorial,Kahin Duur Jab,Anand,Mukesh,Salil Chowdhury,,,0,pQPT9lLXJSs,0,UCXNmFZc8m5w0tQbpMs6rGyA,20181031,BollyUke - Bollywood Ukulele Tutorials
Dheere Dheere Se | Only 2 Chords | Aashiqui | Easy Ukulele Tutorial,Dheere Dheere Se,Aashiqui,"Anuradha Paudwal, Kumar Sanu",,,,0,f63TuKSya4c,0,UCXNmFZc8m5w0tQbpMs6rGyA,20181102,BollyUke - Bollywood Ukulele Tutorials
Tere Dar Par Sanam | Only 4 Chords | Easy Ukulele Tutorial (HINDI),Tere Dar Par Sanam,,Kumar Sanu,Anu Malik,,,0,yj8Tu8BNnIg,0,UCXNmFZc8m5w0tQbpMs6rGyA,20181107,BollyUke - Bollywood Ukulele Tutorials
Pukarta Chala Hun Main | Only 3 Chords | Mohd.Rafi | Easy Ukulele Tutorial,Pukarta Chala Hun Main,Mere Sanam,Mohd.Rafi,O.P.Nayyar,,,0,QUV6dRfZPNU,0,UCXNmFZc8m5w0tQbpMs6rGyA,20181112,BollyUke - Bollywood Ukulele Tutorials
Chhod Diya | Only 4 Chords | Arijit Singh | Easy Ukulele Tutorial,Chhod Diya,Bazaar,Arijit Singh,Kanika Kapoor,,,0,7__SuMEqLsM,0,UCXNmFZc8m5w0tQbpMs6rGyA,20181115,BollyUke - Bollywood Ukulele Tutorials
Qafirana | Arijit Singh | Easy Ukulele Tutorial,Qafirana,Kedarnath,"Arijit Singh, Nikhita Gandhi",Amit Trivedi,,,0,RyXZNd2BoSU,0,UCXNmFZc8m5w0tQbpMs6rGyA,20181123,BollyUke - Bollywood Ukulele Tutorials
Dil Hai Ke Maanta Nahin | Kumar Sanu & Anuradha Paudwal | Easy Ukulele Tutorial,Dil Hai Ke Maanta Nahin,Dil Hai Ke Manta Nahin,"Anuradha Paudwal, Kumar Sanu",Nadeem-Shravan,,,0,2FcZ8LEjutc,0,UCXNmFZc8m5w0tQbpMs6rGyA,20181127,BollyUke - Bollywood Ukulele Tutorials
Mere Naam Tu | Zero | Shahrukh Khan | Easy Ukulele Tutorial(HINDI),Mere Naam Tu,Zero,Abhay Jodhpurkar,Ajay-Atul,,,0,AgDWShHmsv4,0,UCXNmFZc8m5w0tQbpMs6rGyA,20181216,BollyUke - Bollywood Ukulele Tutorials
Yeh Kya Hua | Ey Ki Holo | R.D. Burman | Easy Ukulele Tutorial,Yeh Kya Hua,Rajkumari,Kishore Kumar,Rahul Dev Burman,,,0,VySCAxHP-kU,0,UCXNmFZc8m5w0tQbpMs6rGyA,20190104,BollyUke - Bollywood Ukulele Tutorials
Ek Ladki Ko Dekha | Only 3 Chords | Easy Ukulele Tutorial,Ek Ladki Ko Dekha,1942 A Love Story,Kumar Sanu,R.D. Burman,,,0,BcYPhMd7hCU,0,UCXNmFZc8m5w0tQbpMs6rGyA,20190111,BollyUke - Bollywood Ukulele Tutorials
Dil Mein Ho Tum | Only 4 Chords | Easy Ukulele Tutorial,Dil Mein Ho Tum,Satyamev Jayate,S.Janaki,Bappi Lahiri,,,0,D9upCqi0V8k,0,UCXNmFZc8m5w0tQbpMs6rGyA,20190117,BollyUke - Bollywood Ukulele Tutorials
Tum Se Milke | Easy Ukulele Tutorial (HINDI),Tum Se Milke,,"Asha Bhosle, Suresh Wadkar",R.D. Burman,,,0,wnYXk2MwMOI,0,UCXNmFZc8m5w0tQbpMs6rGyA,20190125,BollyUke - Bollywood Ukulele Tutorials
Abhi Mujh Mein Kahin | Sonu Nigam | Easy Ukulele Tutorial,Abhi Mujh Mein Kahin,Sonu Nigam,Sonu Nigam,Ajay Atul,,,0,K75TS9wT1io,0,UCXNmFZc8m5w0tQbpMs6rGyA,20190201,BollyUke - Bollywood Ukulele Tutorials
Hawayein | Only 4 Chords | Arijit Singh | Easy Ukulele Tutorial,Hawayein,Arijit Singh,Arijit Singh,Pritam,,,0,MmIpdwk3WM4,0,UCXNmFZc8m5w0tQbpMs6rGyA,20190214,BollyUke - Bollywood Ukulele Tutorials
Sham (Aisha) | Easy Hindi Ukulele tutorial | Only 4 Basic Chords,Sham,Aisha,,,,,0,3xhKe3sRymU,0,UCJjV2CHB58Xerdqbwyka7QA,20190307,Sayali Tank
Pyar Ke Pal | KK | Easy Ukulele Tutorial,Pyar Ke Pal,Pal,,Leslie Lewis,,,0,IRWpvSwZO4A,0,UCXNmFZc8m5w0tQbpMs6rGyA,20190308,BollyUke - Bollywood Ukulele Tutorials
Aaj Jaane Ki Zid Na Karo | Easy Ukulele Tutorial,Aaj Jaane Ki Zid Na Karo,,Farida Khanum,Sohali Rana,,,0,SDZ7zt6cs6I,0,UCXNmFZc8m5w0tQbpMs6rGyA,20190315,BollyUke - Bollywood Ukulele Tutorials
Aap Ki Aankhon Mein | Lata & Kishore | Easy Ukulele Tutorial,Aap Ki Aankhon Mein,Ghar,"Lata Mangeshkar, Kishore Kumar",R.D Burman,,,0,9cuaU-djqxI,0,UCXNmFZc8m5w0tQbpMs6rGyA,20190323,BollyUke - Bollywood Ukulele Tutorials
Kya Hua Tera Vaada | Only 4 Chords | Easy Ukulele Tutorial | Fingerpicking,Kya Hua Tera Vaada,Hum Kisise Kum Nahin,Mohammad Rafi,Rahul Dev Burman,,,0,csoewJHBf6o,0,UCXNmFZc8m5w0tQbpMs6rGyA,20190328,BollyUke - Bollywood Ukulele Tutorials
Kaisi Paheli ZIndagani | Easy Hindi Ukulele tutorial | Only 3 Basic Chords,Kaisi Paheli Zindagani,Hindi,,,"C,F,G",,0,yeCGJeVs_JI,0,UCJjV2CHB58Xerdqbwyka7QA,20190403,Sayali Tank
Kalank Title Track | Arijit Singh | Easy Ukulele Tutorial,Kalank Title Track,Arijit Singh,Arijit Singh,Pritam,,,0,N4gxKJZYqU0,0,UCXNmFZc8m5w0tQbpMs6rGyA,20190405,BollyUke - Bollywood Ukulele Tutorials
Bol Do Na Zara | Only 4 Chords | Armaan Malik | Easy Ukulele Tutorial,Bol Do Na Zara,Azhar,Armaan Malik,Amaal Malik,,,0,__hI5SoqXT0,0,UCXNmFZc8m5w0tQbpMs6rGyA,20190409,BollyUke - Bollywood Ukulele Tutorials
Nindiya | Arijit Singh | Ukulele Tutorial,Nindiya,Sarbjit,Arijit Singh,Shashi-Shivamm,,,0,wWysyoBpniA,0,UCXNmFZc8m5w0tQbpMs6rGyA,20190413,BollyUke - Bollywood Ukulele Tutorials
Ajeeb dastan hai ye Ukulele Tutorial | Sayali Tank,Ajeeb Dastan Hai Ye,,,,,,0,hHL2DRMaIrM,0,UCJjV2CHB58Xerdqbwyka7QA,20190417,Sayali Tank
Tere sang yaara Ukulele tutorial | Sayali Tank,Tere Sang Yaara,,Atif Aslam,Arko,,,0,HYuujrBuuMI,0,UCJjV2CHB58Xerdqbwyka7QA,20190424,Sayali Tank
Can't help falling in love with you | Ukulele Tutorial,Can'T Help Falling In Love With You,,,,,,0,ASMtyLnYqhA,0,UCJjV2CHB58Xerdqbwyka7QA,20190508,Sayali Tank
Maa | Shankar Mahadevan | Easy Ukulele Tutorial,Maa,Taare Zameen Par,,"Shankar, Ehsaan, Loy",,,0,-zgV1b7I_uo,0,UCXNmFZc8m5w0tQbpMs6rGyA,20190514,BollyUke - Bollywood Ukulele Tutorials
Fakira | Only 4 Chords | SOTY 2 | Easy Ukulele Tutorial,Fakira,Student Of The Year 2,"Neeti Mohan, Sanam Puri",Vishal Shekhar,,,0,xL0SGkh7zMs,0,UCXNmFZc8m5w0tQbpMs6rGyA,20190519,BollyUke - Bollywood Ukulele Tutorials
Ek ladki ko dekha toh Playalong  | Only 3 Chords | Sayali Tank,Ek Ladki Ko Dekha Toh,,,,,,0,gjmX2zso3jU,0,UCJjV2CHB58Xerdqbwyka7QA,20190522,Sayali Tank
Yaaron | KK | Easy Ukulele Tutorial (HINDI),Yaaron,Pal,Kk,Leslie Lewis,,,0,AewsnqO8BYo,0,UCXNmFZc8m5w0tQbpMs6rGyA,20190525,BollyUke - Bollywood Ukulele Tutorials
Kal Ho Na Ho | Easy Ukulele Tutorial,Kal Ho Na Ho,Kal Ho Na Ho,Sonu Nigam,"Shankar, Ehsaan, Loy",,,0,-VZttGd-fKw,0,UCXNmFZc8m5w0tQbpMs6rGyA,20190601,BollyUke - Bollywood Ukulele Tutorials
How I Make Ukulele Tutorials | 2k Special,How I Make,S,,,,,0,ZZkoP58adB0,0,UCJjV2CHB58Xerdqbwyka7QA,20190605,Sayali Tank
Bekhayali | Arijit Singh | Easy Ukulele Tutorial,Bekhayali,Kabir Singh,Arijit Singh,Sachet- Parampara,,,0,HmcxECZLBKQ,0,UCXNmFZc8m5w0tQbpMs6rGyA,20190610,BollyUke - Bollywood Ukulele Tutorials
Lag jaa gale Ukulele Tutorial | Play along Tutorial  | Sayali Tank,Lag Jaa Gale,Tutorial,,,,,0,LW9cEMTt39c,0,UCJjV2CHB58Xerdqbwyka7QA,20190612,Sayali Tank
O Sanam | Only 4 Chords | Advance Ukulele Tutorial,O Sanam,Sunoh,Lucky Ali,,,,0,VvcNO4Nvvbg,0,UCXNmFZc8m5w0tQbpMs6rGyA,20190614,BollyUke - Bollywood Ukulele Tutorials
Ek Ajnabee Haseena Se | Only 4 Chords | Easy Ukulele Tutorial,Ek Ajnabee Haseena Se,Ajanabee,Kishore Kumar,Rahul Dev Burman,,,0,bLLie-TE4SA,0,UCXNmFZc8m5w0tQbpMs6rGyA,20190626,BollyUke - Bollywood Ukulele Tutorials
Do Dil Mil Rahe Hain | Only 3 Chords | Easy Ukulele Tutorial,Do Dil Mil Rahe Hain,Pardes,Kumar Sanu,Nadeem Shravan,,,0,Nme5E77hCwI,0,UCXNmFZc8m5w0tQbpMs6rGyA,20190705,BollyUke - Bollywood Ukulele Tutorials
Pehli Nazar mein Ukulele Tutorial | Sayali Tank,Pehli Nazar Mein,,,,,,0,8tFU6XYKrWA,0,UCJjV2CHB58Xerdqbwyka7QA,20190705,Sayali Tank
Kahi toh hogi woh Ukulele Tutorial | Simple Ukulele Tutorial For beginners | Sayali Tank,Kahi Toh Hogi Woh,,,,,,0,qvsWDrHc8Go,0,UCJjV2CHB58Xerdqbwyka7QA,20190710,Sayali Tank
Duniya | Only 3 Chords | Easy Ukulele Tutorial | Youtube Live,Duniya,Luka Chuppi,"Akhil, Dhvani Bhanushali",,,,0,zcFI63ggPpo,0,UCXNmFZc8m5w0tQbpMs6rGyA,20190711,BollyUke - Bollywood Ukulele Tutorials
Bekhayali Playalong Ukulele Tutotrial | Easy Chords,Bekhayali,Chords,,,"C,Am,F,G,Dm,Em",,0,uag2SErGbW0,0,UCJjV2CHB58Xerdqbwyka7QA,20190717,Sayali Tank
Yeh Shaam Mastani | Easy Ukulele Tutorial,Yeh Shaam Mastani,Kati Patang,Kishore Kumar,Rahul Dev Burman,,,0,tWOJmzHaflk,0,UCXNmFZc8m5w0tQbpMs6rGyA,20190721,BollyUke - Bollywood Ukulele Tutorials
Pani da Rang Ukulele Tutorial | Only 3 Simple Chords | Easy Tutorial,Pani Da Rang,,,,"Am,F,G",,0,tSNJgnoo734,0,UCJjV2CHB58Xerdqbwyka7QA,20190724,Sayali Tank
Learning The Ukulele Using A Mobile App | Easy Ukulele Tutorial(HINDI),Learning The Ukulele Using A Mobile App,,,,,,0,TYGNrWpHOb0,0,UCXNmFZc8m5w0tQbpMs6rGyA,20190725,BollyUke - Bollywood Ukulele Tutorials
Bol do na zara Ukulele tutorial,Bol Do Na Zara,,,,,,0,SY_vxb9jAaw,0,UCJjV2CHB58Xerdqbwyka7QA,20190731,Sayali Tank
Kis Raste Hai Jaana | Easy Ukulele Tutorial,Kis Raste Hai Jaana,Judgemental Hai Kya,"Surabhi Dashputra, Arjunna Harjaie",Arjunna Harjaie,,,0,47Jp3j64VSI,0,UCXNmFZc8m5w0tQbpMs6rGyA,20190801,BollyUke - Bollywood Ukulele Tutorials
Rimjhim Gire Sawan | Only 4 Chords | Easy Ukulele Tutorial,Rimjhim Gire Sawan,Manzil,Kishore Kumar,R.D. Burman,,,0,MeUeoqklrsA,0,UCXNmFZc8m5w0tQbpMs6rGyA,20190809,BollyUke - Bollywood Ukulele Tutorials
Raabta (Agent Vinod ) Ukulele Tutorial | Sayali Tank,Raabta,Agent Vinod,,,,,0,O4F9Od7TtK0,0,UCJjV2CHB58Xerdqbwyka7QA,20190814,Sayali Tank
Ae Watan Abaad Rahe Tu | Arijit Singh | Easy Ukulele Tutorial,Ae Watan Abaad Rahe Tu,Raazi,Arijit Singh,"Shankar, Ehsaan, Loy",,,0,cnHc9iHs4Y8,0,UCXNmFZc8m5w0tQbpMs6rGyA,20190815,BollyUke - Bollywood Ukulele Tutorials
Hawayein Ukulele Tutorial | Simple Chords | Sayali Tank,Hawayein,,Arijit Singh,Pritam,,,0,kzX9HZbaY44,0,UCJjV2CHB58Xerdqbwyka7QA,20190821,Sayali Tank
Kabhi Jo Badal Barse Ukulele Tutorial | Simple 4 chords Only,Kabhi Jo Badal Barse,,,,,,0,94fTig7Cvgw,0,UCJjV2CHB58Xerdqbwyka7QA,20190828,Sayali Tank
Tu Hi Hai | Only 3 Chords | Easy Ukulele Tutorial,Tu Hi Hai,Dear Zindagi,Arijit Singh,Amit Trivedi,,,0,P_e_2qlGUDA,0,UCXNmFZc8m5w0tQbpMs6rGyA,20190830,BollyUke - Bollywood Ukulele Tutorials
Cant help Falling In Love Ukulele Tutorial,Cant Help Falling In Love,,,,,,0,BVFHTHRgZio,0,UCJjV2CHB58Xerdqbwyka7QA,20190904,Sayali Tank
Kaise hua Ukulele Tutorial,Kaise Hua,,,,,,0,Zzc0PL_FnSo,0,UCJjV2CHB58Xerdqbwyka7QA,20190911,Sayali Tank
Woh Din | Arijit Singh | Easy Ukulele Tutorial,Woh Din,Chhichhore,Arijit Singh,Pritam,,,0,p8D-I9Gaql4,0,UCXNmFZc8m5w0tQbpMs6rGyA,20190914,BollyUke - Bollywood Ukulele Tutorials
Tu Tu Hai Wahi Ukulele Tutorial,Tu Tu Hai Wahi,,,,"C,F,Am,G,Dm,Em,A",,0,sWVcR3PD1ic,0,UCJjV2CHB58Xerdqbwyka7QA,20190918,Sayali Tank
Musu Musu | Only 2 Chords | Easy Ukulele Tutorial,Musu Musu,Pyaar Mein Kabhi Kabhi,Shaan,Vishal Shiraz Samrat,,,0,iAc-L9-YwkY,0,UCXNmFZc8m5w0tQbpMs6rGyA,20190921,BollyUke - Bollywood Ukulele Tutorials
Kaisi Hai Ye Rut K Jismein Ukulele Playalong Tutorial | Dil Chahta hai | Sayali Tank,Kaisi Hai Ye Rut K Jismein,Dil Chahta Hai,,,"C,Am,F,G,D,Fm",,0,3BDlEOJsAaM,0,UCJjV2CHB58Xerdqbwyka7QA,20190925,Sayali Tank
Udi Udi Jaaye | Only 3 Chords | Easy Ukulele Tutorial(HINDI),Udi Udi Jaaye,Raees,"Sukhwinder Singh, Bhoomi Trivedi.",Ram Sampath,,,0,dy9uENm9em0,0,UCXNmFZc8m5w0tQbpMs6rGyA,20190928,BollyUke - Bollywood Ukulele Tutorials
Zara Zara Ukulele Tutorial for complete beginners | Sayali Tank,Zara Zara,,,,"C,Am,F,Dm,G,Em",,0,8j6xVQc6ewY,0,UCJjV2CHB58Xerdqbwyka7QA,20191002,Sayali Tank
O Saathi Re | Omkara | Easy Ukulele Tutorial,O Saathi Re,Omkara,"Vishal Bhardwaj, Shreya Ghoshal",Vishal Bhardwaj,,,0,hlp7j0LaFjA,0,UCXNmFZc8m5w0tQbpMs6rGyA,20191004,BollyUke - Bollywood Ukulele Tutorials
Tu hi hai(Dear Zindagi)| Easy Ukulele Tutorial | Only 3 chords | Sayali Tank,Tu Hi Hai,Dear Zindagi,,,"G,C,D",,0,4Owa0gpW9y4,0,UCJjV2CHB58Xerdqbwyka7QA,20191009,Sayali Tank
Soch Na Sake | Arijit Singh | Easy Ukulele Tutorial,Soch Na Sake,Arijit Singh,"Arijit Singh, Tulsi Kumar",Amaal Mallik,,,0,YYHqr_gqkVs,0,UCXNmFZc8m5w0tQbpMs6rGyA,20191012,BollyUke - Bollywood Ukulele Tutorials
Phir Le Aaya Dil Ukulele Tutorial | Sayali Tank,Phir Le Aaya Dil,,,,"G,C,D",,0,SmasvYGN9MM,0,UCJjV2CHB58Xerdqbwyka7QA,20191016,Sayali Tank
Iktara Ukulele Playalong Tutorial | Sayali Tank,Iktara,,,,"G,C,D,Am",,0,Bgz0ppPoLek,0,UCJjV2CHB58Xerdqbwyka7QA,20191023,Sayali Tank
Yellow | Coldplay | Playalong |  Ukulele Tutorial | Sayali Tank,Yellow,Coldplay,,,,,0,7NZTSe1nr4w,0,UCJjV2CHB58Xerdqbwyka7QA,20191030,Sayali Tank
Khamoshiyan | Arijit Singh | Easy Ukulele Tutorial,Khamoshiyan,Khamoshiyan,Arijit Singh,Jeet Gannguli,,,0,sb1TSZcTtAE,0,UCXNmFZc8m5w0tQbpMs6rGyA,20191103,BollyUke - Bollywood Ukulele Tutorials
Pyaar Toh Tha | Only 4 Chords | Easy Ukulele Tutorial,Pyaar Toh Tha,Bala,"Jubin Nautiyal, Asees Kaur",Sachin-Jigar,,,0,EHSyADv2lJo,0,UCXNmFZc8m5w0tQbpMs6rGyA,20191108,BollyUke - Bollywood Ukulele Tutorials
Do Dil Mil Rahe Hai Ukulele Tutorial | Sayali Tank,Do Dil Mil Rahe Hai,,,,"F,Dm,Bb,Gm",,0,08Q7pvtyefk,0,UCJjV2CHB58Xerdqbwyka7QA,20191113,Sayali Tank
Yeh Jawani Hai Deewani | Easy Ukulele Tutorial,Yeh Jawani Hai Deewani,,,,,,0,UKODJcv4OUA,0,UCXNmFZc8m5w0tQbpMs6rGyA,20191117,BollyUke - Bollywood Ukulele Tutorials
Gulabi Aankhein | Only 4 Chords | Easy Ukulele Tutorial,Gulabi Aankhein,The Train,Mohammad Rafi,R.D. Burman,,,0,FHl1kIFiY1g,0,UCXNmFZc8m5w0tQbpMs6rGyA,20191122,BollyUke - Bollywood Ukulele Tutorials
Moh Moh Ke Dhaage Ukulele Tutorial for beginners | How to play Moh moh k dhaage on uke | Sayali Tank,Moh Moh Ke Dhaage,How To Play Moh Moh K Dhaage On Uke,,,"C,F,G,Am,Em",,0,6Nyf8_YXnnc,0,UCJjV2CHB58Xerdqbwyka7QA,20191122,Sayali Tank
Agar Tum Saath Ho Playalong Ukulele Tutorial | Sayali Tank,Agar Tum Saath Ho,,,,"C,F,G",,0,bkZOERS0IGQ,0,UCJjV2CHB58Xerdqbwyka7QA,20191127,Sayali Tank
Phir Dekhiye Playalong Ukulele Tutorial | Sayali Tank,Phir Dekhiye,,,,"C,F,G,Em",,0,YlJu3HdzVjA,0,UCJjV2CHB58Xerdqbwyka7QA,20191201,Sayali Tank
Mera Mann Kehne Laga Playalong Ukulele Tutorial | Sayali Tank,Mera Mann Kehne Laga,,,,"G,C,Em,D",,0,282M7cs1-Dg,0,UCJjV2CHB58Xerdqbwyka7QA,20191204,Sayali Tank
Lazy Song Ukulele Tutorial for beginners | Bruno Mars,Lazy Song,Bruno Mars,,,"C,F,G,Em,Dm,E7",,0,OAnIf8a9DaU,0,UCJjV2CHB58Xerdqbwyka7QA,20191206,Sayali Tank
Aaj kal tere mere pyaar k Charche Playalong Ukulele Tutorial | Sayali Tank,Aaj Kal Tere Mere Pyaar K Charche,,,,"C,F,Dm,G",,0,vCqVpYV5h9I,0,UCJjV2CHB58Xerdqbwyka7QA,20191208,Sayali Tank
Jingle Bells Playalong  | Sayali Tank,Jingle Bells,,,,"C,F,G7,D",,0,518ty3EtXkw,0,UCJjV2CHB58Xerdqbwyka7QA,20191211,Sayali Tank
Kalank Ukulele Playalong Tutorial | Sayali Tank,Kalank,,,,,,0,1IkQVPRdd1g,0,UCJjV2CHB58Xerdqbwyka7QA,20191218,Sayali Tank
Cold/Mess(Prateek Kuhad) Ukulele Tutorial for beginners | Sayali Tank,Cold/Mess,Prateek Kuhad,,,"C,F,G",,0,ceCUFxbPd0U,0,UCJjV2CHB58Xerdqbwyka7QA,20191225,Sayali Tank
Wo dekhne emin kaisi sidhi sadhi ladki Ukulele Tutorial | Sayali Tank,Wo Dekhne Emin Kaisi Sidhi Sadhi Ladki,,,,"C,Am,F,G,Dm",,0,2ha0kvi4z_g,0,UCJjV2CHB58Xerdqbwyka7QA,20200101,Sayali Tank
Tumse hi(Jab we met) Ukulele Tutorial for beginners | Sayali Tank,Tumse Hi,Jab We Met,,,"G,D,C,Em",,0,nC08vgbto_s,0,UCJjV2CHB58Xerdqbwyka7QA,20200108,Sayali Tank
Ravi | Sajjad Ali | Only 4 Chords | Easy Ukulele Tutorial,Ravi,Sajjad Ali,,,,,0,OwePg7IXutc,0,UCXNmFZc8m5w0tQbpMs6rGyA,20200110,BollyUke - Bollywood Ukulele Tutorials
Haal ae dil Ukulele Tutorial fro beginners | Sayali Tank,Haal Ae Dil,,,,"Am,C,F,G,Em",,0,gtdz3-85GGU,0,UCJjV2CHB58Xerdqbwyka7QA,20200115,Sayali Tank
Main koi aisa geet gaun Ukulele Tutorial for beginners | Sayali Tank,Main Koi Aisa Geet Gaun,,,,"C,F,G,D",,0,9Llz0YKO6xY,0,UCJjV2CHB58Xerdqbwyka7QA,20200122,Sayali Tank
Khulne Do | Arijit Singh | Fingerpicking Ukulele Tutorial,Khulne Do,Chhapaak,Arijit Singh,"Shankar, Ehsaan, Loy",,,0,EFcQszixznU,0,UCXNmFZc8m5w0tQbpMs6rGyA,20200124,BollyUke - Bollywood Ukulele Tutorials
Tum jab pass aati ho | Only 4 Simple Chords Ukulele Tutorial,Tum Jab Pass Aati Ho,,,,"C,Am,F,G",,0,w0D-OIy3KC4,0,UCJjV2CHB58Xerdqbwyka7QA,20200129,Sayali Tank
Chal Ghar Chalein | Arijit Singh | Easy Ukulele Tutorial,Chal Ghar Chalein,Malang,Arijit Singh,Mithoon,,,0,si4NdFr1B3Q,0,UCXNmFZc8m5w0tQbpMs6rGyA,20200131,BollyUke - Bollywood Ukulele Tutorials
Yaaron Dosti Badi hi Haseen hai |  Ukulele Tutorial,Yaaron Dosti Badi Hi Haseen Hai,,,,"C,Am,F,G,Em",,0,AISBUkd5Nqo,0,UCJjV2CHB58Xerdqbwyka7QA,20200205,Sayali Tank
Rang Sharbaton Ka | Only 4 Chords | Easy Ukulele Tutorial,Rang Sharbaton Ka,,"Atif Aslam, Chinmayi Sripaada",Pritam,,,0,WvuncODTKTY,0,UCXNmFZc8m5w0tQbpMs6rGyA,20200207,BollyUke - Bollywood Ukulele Tutorials
Kuch na Kaho Kuch bhi na kaho Ukulele Tutorial,Kuch Na Kaho Kuch Bhi Na Kaho,,,,"C,Am,F,G,D",,0,DtitAEZy5pc,0,UCJjV2CHB58Xerdqbwyka7QA,20200212,Sayali Tank
Shayad | Arijit Singh | Easy Ukulele Tutorial,Shayad,Love Aaj Kal,Arijit Singh,Pritam,,,0,x6GUBTF3ELU,0,UCXNmFZc8m5w0tQbpMs6rGyA,20200214,BollyUke - Bollywood Ukulele Tutorials
Aaoge Jab Tum O Sajna Ukulele Tutorial | Intermediate level,Aaoge Jab Tum O Sajna,,,,"C,Am,F,Dm,Bb,G",,0,Q9ui3NYR-jg,0,UCJjV2CHB58Xerdqbwyka7QA,20200219,Sayali Tank
Tujhe Kitna Chahne Lage Hum | Easy Ukulele Tutorial,Tujhe Kitna Chahne Lage Hum,Kabir Singh,Arijit Singh,,,,0,wmBU6_OXL3Y,0,UCXNmFZc8m5w0tQbpMs6rGyA,20200221,BollyUke - Bollywood Ukulele Tutorials
Kho Gaye Hum Kahan Ukulele Tutorial | Intermediate Level,Kho Gaye Hum Kahan,,,,"C,Am,F,G Dm",,0,LC5fL-BsnVM,0,UCJjV2CHB58Xerdqbwyka7QA,20200226,Sayali Tank
Mora Saiyan Mose Bole Na Ukulele Tutorial | Advance Level,Mora Saiyan Mose Bole Na,,,,"C,Am,F,G,Em",,0,nc1Eucbapsw,0,UCJjV2CHB58Xerdqbwyka7QA,20200303,Sayali Tank
Jiye kyun Ukulele Tutorial | Sayali Tank,Jiye Kyun,,,,"C,Am,F,G",,0,bGokBenMTQI,0,UCJjV2CHB58Xerdqbwyka7QA,20200311,Sayali Tank
La vie en rose Ukulele Tutorial | Advance Level,La Vie En Rose,,,,"C,Am,G,G6,Gmaj7,G7,D7,Cm6,Bb Dim",,0,LlGPWPizht0,0,UCJjV2CHB58Xerdqbwyka7QA,20200318,Sayali Tank
Give me some sunshine Ukulele Tutorial | Beginner Level,Give Me Some Sunshine,,,,"C,F,G",,0,YWIhuJyD9eg,0,UCJjV2CHB58Xerdqbwyka7QA,20200325,Sayali Tank
Khairiyat Ukulele Tutorial,Khairiyat,,,,"Am,F,G,Em,Dm,E7",,0,pEMjJ8hMJFM,0,UCJjV2CHB58Xerdqbwyka7QA,20200401,Sayali Tank
Ik Kudi | Udta Punjab | Easy Ukulele Tutorial,Ik Kudi,Udta Punjab,Shahid Mallya,Amit Trivedi,,,0,M0kHo94AVzU,0,UCXNmFZc8m5w0tQbpMs6rGyA,20200406,BollyUke - Bollywood Ukulele Tutorials
Main rahu ya na rahu Ukulele Tutorial,Main Rahu Ya Na Rahu,,,,"G,A,D,Am,Em,C",,0,AaCbJslYadQ,0,UCJjV2CHB58Xerdqbwyka7QA,20200408,Sayali Tank
Raabta | Fingerpicking | Easy Ukulele Tutorial,Raabta,Agent Vinod,"Shreya Ghoshal, Arijit Singh, Joi Barua",Pritam,,,0,ezETrMBIz3E,0,UCXNmFZc8m5w0tQbpMs6rGyA,20200410,BollyUke - Bollywood Ukulele Tutorials
Woh Lamhe Ukulele tutorial | Only 3 simple chords,Woh Lamhe,,,,"Em,C,D",,0,38e7wRuJJNE,0,UCJjV2CHB58Xerdqbwyka7QA,20200415,Sayali Tank
Yeh Dooriyan | Only 4 Chords | Easy Ukulele Tutorial,Yeh Dooriyan,Love Aaj Kal,Mohit Chauhan,Pritam,,,0,N99_6nCTY0Y,0,UCXNmFZc8m5w0tQbpMs6rGyA,20200422,BollyUke - Bollywood Ukulele Tutorials
Bella Ciao Ukulele Tutorial,Bella Ciao,,,,,,0,p-twDOs9baU,0,UCJjV2CHB58Xerdqbwyka7QA,20200422,Sayali Tank
Tumse Mil Ke Ukulele Tutorial,Tumse Mil Ke,,,,"C,G,Dm,Am,F",,0,oKQdx8kMQHM,0,UCJjV2CHB58Xerdqbwyka7QA,20200429,Sayali Tank
Musafir Hu Yaaro Ukulele Tutorial,Musafir Hu Yaaro,,,,"C,F,Bb",,0,OVWu78b8Uoc,0,UCJjV2CHB58Xerdqbwyka7QA,20200506,Sayali Tank
Mumma Ukulele Tutorial | Mothers Day Special,Mumma,,,,"F,Dm,Bb,Gm,C",,0,BgoaERFcHO4,0,UCJjV2CHB58Xerdqbwyka7QA,20200508,Sayali Tank
O sanam ukulele Tutorial,O Sanam,,,,"C,A,G,D",,0,4K7usAwrfl4,0,UCJjV2CHB58Xerdqbwyka7QA,20200513,Sayali Tank
City Life Ukulele Tutorial,City Life,,,,"F,C,G,Am",,0,Dsis_xEfy9w,0,UCJjV2CHB58Xerdqbwyka7QA,20200515,Sayali Tank
O mere dil k chain Ukulele Tutorial,O Mere Dil K Chain,,,,"Am,Em,Dm,C,F,G",,0,LrhbkpB6pHQ,0,UCJjV2CHB58Xerdqbwyka7QA,20200520,Sayali Tank
Ruk Jaana Nahin | Kishore Kumar | Easy Ukulele Tutorial,Ruk Jaana Nahin,Imtihaan,Kishore Kumar,Laxmikant Pyarelal,,,0,rTfFW4Yenxc,0,UCXNmFZc8m5w0tQbpMs6rGyA,20200523,BollyUke - Bollywood Ukulele Tutorials
Kya mujhe pyar hai Playalong Ukulele Tutorial,Kya Mujhe Pyar Hai,,,,"C,Dm,Bb",,0,cFT23HLT8_0,0,UCJjV2CHB58Xerdqbwyka7QA,20200527,Sayali Tank
Don't Worry Be Happy Ukulele Tutorial,Don'T Worry Be Happy,,,,"C,F,Dm",,0,9L8pxs8Dw6k,0,UCJjV2CHB58Xerdqbwyka7QA,20200529,Sayali Tank
Pyaar deewana hota hai mastana hota hai Ukulele Tutorial,Pyaar Deewana Hota Hai Mastana Hota Hai,,,,"C,F,Bb,Eb",,0,C5CcLnrT4d0,0,UCJjV2CHB58Xerdqbwyka7QA,20200603,Sayali Tank
In dino Ukulele tutorial,In Dino,,,,"C,Am,F,G",,0,Mdh2JL1NL7I,0,UCJjV2CHB58Xerdqbwyka7QA,20200610,Sayali Tank
Ek Tukda Dhoop | Only 4 Chords | Easy Ukulele Tutorial,Ek Tukda Dhoop,Thappad,Raghav Chaitanya,Anurag Saikia,,,0,yDWFfkVdCQM,0,UCXNmFZc8m5w0tQbpMs6rGyA,20200612,BollyUke - Bollywood Ukulele Tutorials
Baatein Kuch ankahi si Ukulele Tutorial,Baatein Kuch Ankahi Si,,,,"A,D,E,F#M,Bm,C",,0,J8whu5NKHrs,0,UCJjV2CHB58Xerdqbwyka7QA,20200617,Sayali Tank
Chaar Kadam | Simple Chords | Easy Ukulele Tutorial,Chaar Kadam,Pk,"Shreya, Shaan",Shantanu Moitra,,,0,4q591-mTxFs,0,UCXNmFZc8m5w0tQbpMs6rGyA,20200624,BollyUke - Bollywood Ukulele Tutorials
Chura liya hai tumne jo dil ko Ukulele tutorial,Chura Liya Hai Tumne Jo Dil Ko,,,,"Am,G,E7",,0,vNDsMmBxZ2A,0,UCJjV2CHB58Xerdqbwyka7QA,20200624,Sayali Tank
Illahi Ukulele Tutorial,Illahi,,,,"A,Dsus2,F#M,Bm,F,G",,0,L8iO70RSqBo,0,UCJjV2CHB58Xerdqbwyka7QA,20200701,Sayali Tank
Kya karu (Wake Up Sid) Ukulele tutorial,Kya Karu,Wake Up Sid,,,C  G  Am  F  Bb,,0,ogLzYIu1r5Q,0,UCJjV2CHB58Xerdqbwyka7QA,20200708,Sayali Tank
Dil Bechara Ukulele Tutorial,Dil Bechara,,,,"Gm,Bb,F,Dm",,0,mpe4wA6upII,0,UCJjV2CHB58Xerdqbwyka7QA,20200715,Sayali Tank
Hai Junoon Ukulele Tutorial | Friendship Day Special,Hai Junoon,,,,"A,D,G,Em,Bm",,0,JgPtML7PJJE,0,UCJjV2CHB58Xerdqbwyka7QA,20200722,Sayali Tank
Phoolon ka taaron ka Ukulele tutorial | Rakshabandhan Special,Phoolon Ka Taaron Ka,,,,"G,C,D,Bm",,0,tUEqn2fJLYU,0,UCJjV2CHB58Xerdqbwyka7QA,20200729,Sayali Tank
Phulon Ka Taaron Ka | Only 4 Chords | Fingerpicking | Easy Ukulele Tutorial,Phulon Ka Taaron Ka,Hare Rama Hare Krishna,"Lata Mangeshkar, Kishore Kumar",R.D. Burman,,,0,e4xdXU09wi4,0,UCXNmFZc8m5w0tQbpMs6rGyA,20200730,BollyUke - Bollywood Ukulele Tutorials
Te Amo Ukulele Tutorial,Te Amo,,,,"C,Em,Am,F,G",,0,bWlET77gxKk,0,UCJjV2CHB58Xerdqbwyka7QA,20200805,Sayali Tank
Main Tumhara | Dil Bechara | Easy Ukulele Tutorial,Main Tumhara,Dil Bechara,"Jonita Gandhi, Hriday Gattani",A R Rahman,,,0,x3F3ub93y1A,0,UCXNmFZc8m5w0tQbpMs6rGyA,20200809,BollyUke - Bollywood Ukulele Tutorials
Roobaroo Ukulele Tutorial Indepedence day special,Roobaroo,,,,"A,D,E",,0,HfeS0pzW2jM,0,UCJjV2CHB58Xerdqbwyka7QA,20200812,Sayali Tank
Teri Galliyan Ukulele Tutorial,Teri Galliyan,,,,"C,Am,F,G,Em",,0,uNv9w5gXIaY,0,UCJjV2CHB58Xerdqbwyka7QA,20200819,Sayali Tank
Ye Shaam Mastani Ukulele Tutorial,Ye Shaam Mastani,,,,"C,Am,D,A,G,Em",,0,Imq_noh-Ua0,0,UCJjV2CHB58Xerdqbwyka7QA,20200826,Sayali Tank
Tumse Hi | Sadak 2 | Only 4 Chords | Easy Ukulele Tutorial,Tumse Hi,Sadak 2,,Ankit Tiwari,,,0,6OffkOaHU0I,0,UCXNmFZc8m5w0tQbpMs6rGyA,20200829,BollyUke - Bollywood Ukulele Tutorials
Dooba dooba rehta hu Ukulele Tutorial | Only 4 simple chords?,Dooba Dooba Rehta Hu,,,,"C,F,D,G",,0,EgVMIVjezgs,0,UCJjV2CHB58Xerdqbwyka7QA,20200902,Sayali Tank
Dil ko tumse pyaar hua Ukulele tutorial | Rehna hai tere dil mein,Dil Ko Tumse Pyaar Hua,Rehna Hai Tere Dil Mein,,,"C,Am,F,Dm,G,E,E7,Bb",,0,2i4dtdGXotw,0,UCJjV2CHB58Xerdqbwyka7QA,20200909,Sayali Tank
Zindagi Ki Yehi Reet Hai | Only 4 Chords | Easy Ukulele Tutorial,Zindagi Ki Yehi Reet Hai,Mr,"Kishore Kumar, Kavita K.",Laxmikant Pyarelal,,,0,Lnk1JCk6jG0,0,UCXNmFZc8m5w0tQbpMs6rGyA,20200914,BollyUke - Bollywood Ukulele Tutorials
Kya hua Tera waada Ukulele Tutorial,Kya Hua Tera Waada,Hum Kisise Kum Nahi,"Sushma Shreshtha, Mohd. Rafi",R.D Burman,"Bb,F,C,Dm",,0,N-BK6l_emMY,0,UCJjV2CHB58Xerdqbwyka7QA,20200916,Sayali Tank
Ek pyaar ka nagma hai Ukulele tutorial,Ek Pyaar Ka Nagma Hai,Shor,"Lata Mangeshkar, Mukesh",Laxmikant Pyarelal,"A,F#M,E7,D,Bm",,0,OvKBZLm6aiA,0,UCJjV2CHB58Xerdqbwyka7QA,20200923,Sayali Tank
Pehla Pehla Pyar Hai | S.P. Balasubramanium | Easy Ukulele Tutorial,Pehla Pehla Pyar Hai,Hum Aapke Hain Kaun,S. P. Balasubramaniam,Raam Laxman,,,0,MNVLSL1zjkk,0,UCXNmFZc8m5w0tQbpMs6rGyA,20200925,BollyUke - Bollywood Ukulele Tutorials
Shayad Ukulele Tutorial,Shayad,,,,"C,Am,G,Em,D,Bm",,0,WoU8p7RB3ec,0,UCJjV2CHB58Xerdqbwyka7QA,20200930,Sayali Tank
Tu hi meri shab hai Ukulele Tutorial,Tu Hi Meri Shab Hai,,,,"Am,F,G,D,E",,0,OoHHB8zOd7o,0,UCJjV2CHB58Xerdqbwyka7QA,20201007,Sayali Tank
Hasi Ban Gaye Ukulele Tutorial,Hasi Ban Gaye,,,,"C,Dm,Bb,Am,F",,0,UjfOXzDHMJU,0,UCJjV2CHB58Xerdqbwyka7QA,20201014,Sayali Tank
Pehla Nasha | Simple Chords & Strumming | Easy Ukulele Tutorial,Pehla Nasha,Jo Jeeta Wohi Sikandar,"Sadhana Sargam, Udit Narayan",Jatin - Lalit,,,0,CDZTduLDRWw,0,UCXNmFZc8m5w0tQbpMs6rGyA,20201018,BollyUke - Bollywood Ukulele Tutorials
Tu mile dil khile Ukulele tutorial,Tu Mile Dil Khile,,,,"Dm,C,F,Am,G",,0,5kZ-ksFRUGs,0,UCJjV2CHB58Xerdqbwyka7QA,20201021,Sayali Tank
Tu Aashiqui Hai Ukulele Tutorial | Jhankaar Beats,Tu Aashiqui Hai,Jhankaar Beats,,,"A,D,Bm,G",,0,TTjWWMAc1Xo,0,UCJjV2CHB58Xerdqbwyka7QA,20201028,Sayali Tank
Fly me to the moon Ukulele Tutorial,Fly Me To The Moon,,,,"C7,A7,Dm,Gm,F",,0,MasyuDVuN8M,0,UCJjV2CHB58Xerdqbwyka7QA,20201104,Sayali Tank
Ya Ali Ukulele Tutorial,Ya Ali,,,,"Em,C,D",,0,MKHboVCo8jw,0,UCJjV2CHB58Xerdqbwyka7QA,20201111,Sayali Tank
Kaun Tujhe Ukulele Tutorial,Kaun Tujhe,,,,"Am,F,C,G,Em",,0,IiJpSIkrIUg,0,UCJjV2CHB58Xerdqbwyka7QA,20201118,Sayali Tank
Mere saamne wali khidki mein Ukulele Tutorial,Mere Saamne Wali Khidki Mein,,,,"G,C,Am,D",,0,fiYfnt2P_UE,0,UCJjV2CHB58Xerdqbwyka7QA,20201125,Sayali Tank
DDLJ Theme | Easy Ukulele Tutorial | With TABS,Ddlj Theme,,,,,,0,dME0ejFRtgI,0,UCXNmFZc8m5w0tQbpMs6rGyA,20201129,BollyUke - Bollywood Ukulele Tutorials
Aashiqui Theme | Easy Ukulele Tutorial | With TABS,Aashiqui Theme,,,,,,0,hZqw1-QaF1o,0,UCXNmFZc8m5w0tQbpMs6rGyA,20201206,BollyUke - Bollywood Ukulele Tutorials
Kasoor (Prateek Kuhad) Ukulele Tutorial with Play Along,Kasoor,Prateek Kuhad,,,"C,Am,F,Dm,Dm7,G",,0,B95AKOjwLO4,0,UCJjV2CHB58Xerdqbwyka7QA,20201209,Sayali Tank
Feliz Navidad Ukulele Tutorial with Play along,Feliz Navidad,,,,"C,D,G,Em",,0,FwjDfLKiARg,0,UCJjV2CHB58Xerdqbwyka7QA,20201216,Sayali Tank
Tik Tik Waajte Dokyat Ukulele Tutorial with Playalong,Tik Tik Waajte Dokyat,,,,"C,Am,F,G,G7,Dm",,0,_Np6iIZ2Gcs,0,UCJjV2CHB58Xerdqbwyka7QA,20201223,Sayali Tank
Kaha ho tum Mismatched Ukulele Tutorial Prateek Kuhad,Kaha Ho Tum Mismatched,Prateek Kuhad,,,"F,C,Dm,Bb,Eb",,0,RvDm1N9rCk8,0,UCJjV2CHB58Xerdqbwyka7QA,20201230,Sayali Tank
Tum Ho - Rockstar Ukulele Tutorial,Tum Ho - Rockstar,,,,"C,Am,F,G,A,Gm,Bb,E",,0,8ZPouviHFSc,0,UCJjV2CHB58Xerdqbwyka7QA,20210106,Sayali Tank
Monta Re | Only 2 Chords | Easy Ukulele Tutorial,Monta Re,,"Swanand Kirkire, Amitabh Bhattacharya",Amit Trivedi,,,0,mP9TDNdP_Cs,0,UCXNmFZc8m5w0tQbpMs6rGyA,20210111,BollyUke - Bollywood Ukulele Tutorials
O Beta Ji | Only 4 Chords | Intermediate Ukulele Tutorial,O Beta Ji,Albela,Chitalkar,C.Ramchandra,,,0,k_j9cxYX8CI,0,UCXNmFZc8m5w0tQbpMs6rGyA,20210113,BollyUke - Bollywood Ukulele Tutorials
Zombie(Cranberries) Ukulele Tutorial with Playalong.. Easiest song to play?,Zombie,Cranberries,,,"Em,C,G,D",,0,h9_N-6VcocQ,0,UCJjV2CHB58Xerdqbwyka7QA,20210113,Sayali Tank
Kisi Ki Muskurahaton Pe Ho Nisar | Intermediate Ukulele Tutorial,Kisi Ki Muskurahaton Pe Ho Nisar,Anari,Mukesh,Shankar Jaikishan,,,0,a4iq1X62CC8,0,UCXNmFZc8m5w0tQbpMs6rGyA,20210119,BollyUke - Bollywood Ukulele Tutorials
Teri Mitti (Kesari) Ukulele Tutorial with Playalong,Teri Mitti,Kesari,,,"D,Bm,G,A Chords With The Same Chord Progression",,0,aG9BccTbTGU,0,UCJjV2CHB58Xerdqbwyka7QA,20210120,Sayali Tank
Jaan Nisaar | Arijit Singh | Only 4 Chords | Intermediate Ukulele Tutorial,Jaan Nisaar,Kedarnath,Arijit Singh,Amit Trivedi,,,0,MDzES5azxhA,0,UCXNmFZc8m5w0tQbpMs6rGyA,20210121,BollyUke - Bollywood Ukulele Tutorials
Jana Gana Mana | Easy Ukulele Tutorial | With TABs,Jana Gana Mana,,,,,,0,CsFnc284U_0,0,UCXNmFZc8m5w0tQbpMs6rGyA,20210125,BollyUke - Bollywood Ukulele Tutorials
Gulabi Aankhe On Ukulele with playalong | Only 4 simple chords?,Gulabi Aankhe On Ukulele,,,,"D,C,Bb,A",,0,r_B5CisyLfg,0,UCJjV2CHB58Xerdqbwyka7QA,20210224,Sayali Tank
Mana Ke Hum Yaar | Interlude Music TABs | Easy Ukulele Tutorial,Mana Ke Hum Yaar,Interlude Music,,,,,0,fEI_g2pz_yo,0,UCXNmFZc8m5w0tQbpMs6rGyA,20210225,BollyUke - Bollywood Ukulele Tutorials
Maeri | Euphoria | Intermediate Ukulele Tutorial,Maeri,Euphoria,,,,,0,yYz3Qx9dzmU,0,UCXNmFZc8m5w0tQbpMs6rGyA,20210226,BollyUke - Bollywood Ukulele Tutorials
Chura Liya | Intro Music TABs | Intermediate Ukulele Tutorial,Chura Liya,Intro Music,,,,,0,SesKA7bgS-o,0,UCXNmFZc8m5w0tQbpMs6rGyA,20210226,BollyUke - Bollywood Ukulele Tutorials
